Day,entity_id,Name,observed_primary_sales,observed_intermediary_sales,Observed Transactions,Observed Customers,,,,,,,,,,,,,,,,,,,
8/15/22,SQSP,Squarespace Inc,1467,88622,1659,1541,,,,,,,,,,,,,,,,,,,
8/16/22,SQSP,Squarespace Inc,2095,101978,1676,1575,,,,,,,,,,,,,,,,,,,
8/17/22,SQSP,Squarespace Inc,4280,73353,1580,1518,,,,,,,,,,,,,,,,,,,
8/18/22,SQSP,Squarespace Inc,2420,52838,1321,1253,,,,,,,,,,,,,,,,,,,
8/19/22,SQSP,Squarespace Inc,1495,79306,1465,1379,,,,,,,,,,,,,,,,,,,
8/20/22,SQSP,Squarespace Inc,2659,62541,1200,1177,,,,,,,,,,,,,,,,,,,
8/21/22,SQSP,Squarespace Inc,1423,75067,1396,1283,,,,,,,,,,,,,,,,,,,
8/22/22,SQSP,Squarespace Inc,1662,71426,1486,1370,,,,,,,,,,,,,,,,,,,
8/23/22,SQSP,Squarespace Inc,1431,70017,1355,1220,,,,,,,,,,,,,,,,,,,
8/24/22,SQSP,Squarespace Inc,3455,65067,1553,1439,,,,,,,,,,,,,,,,,,,
8/25/22,SQSP,Squarespace Inc,2086,84960,1520,1393,,,,,,,,,,,,,,,,,,,
8/26/22,SQSP,Squarespace Inc,6028,78924,1459,1425,,,,,,,,,,,,,,,,,,,
8/27/22,SQSP,Squarespace Inc,1619,74044,1462,1408,,,,,,,,,,,,,,,,,,,
8/28/22,SQSP,Squarespace Inc,1953,79756,2030,1893,,,,,,,,,,,,,,,,,,,
8/29/22,SQSP,Squarespace Inc,1169,47858,879,825,,,,,,,,,,,,,,,,,,,
8/30/22,SQSP,Squarespace Inc,2438,53053,960,894,,,,,,,,,,,,,,,,,,,
8/31/22,SQSP,Squarespace Inc,764,59475,929,868,,,,,,,,,,,,,,,,,,,
9/1/22,SQSP,Squarespace Inc,2608,117969,2501,2368,,,,,,,,,,,,,,,,,,,
9/2/22,SQSP,Squarespace Inc,1804,68076,1549,1448,,,,,,,,,,,,,,,,,,,
9/3/22,SQSP,Squarespace Inc,1589,79000,1398,1358,,,,,,,,,,,,,,,,,,,
9/4/22,SQSP,Squarespace Inc,1609,82871,1530,1464,,,,,,,,,,,,,,,,,,,
9/5/22,SQSP,Squarespace Inc,2848,74000,1356,1271,,,,,,,,,,,,,,,,,,,
9/6/22,SQSP,Squarespace Inc,1513,77212,1455,1378,,,,,,,,,,,,,,,,,,,
9/7/22,SQSP,Squarespace Inc,1252,93144,1731,1666,,,,,,,,,,,,,,,,,,,
9/8/22,SQSP,Squarespace Inc,4325,83860,1623,1594,,,,,,,,,,,,,,,,,,,
9/9/22,SQSP,Squarespace Inc,1498,88300,1477,1419,,,,,,,,,,,,,,,,,,,
9/10/22,SQSP,Squarespace Inc,2493,60767,1400,1282,,,,,,,,,,,,,,,,,,,
9/11/22,SQSP,Squarespace Inc,1462,72391,1348,1285,,,,,,,,,,,,,,,,,,,
9/12/22,SQSP,Squarespace Inc,6055,64816,1519,1412,,,,,,,,,,,,,,,,,,,
9/13/22,SQSP,Squarespace Inc,1787,89071,1532,1404,,,,,,,,,,,,,,,,,,,
9/14/22,SQSP,Squarespace Inc,1174,58229,1221,1198,,,,,,,,,,,,,,,,,,,
9/15/22,SQSP,Squarespace Inc,2117,73296,1589,1482,,,,,,,,,,,,,,,,,,,
9/16/22,SQSP,Squarespace Inc,1889,66993,1378,1310,,,,,,,,,,,,,,,,,,,
9/17/22,SQSP,Squarespace Inc,2008,65496,1478,1449,,,,,,,,,,,,,,,,,,,
9/18/22,SQSP,Squarespace Inc,3246,59011,1283,1250,,,,,,,,,,,,,,,,,,,
9/19/22,SQSP,Squarespace Inc,1690,101899,1578,1504,,,,,,,,,,,,,,,,,,,
9/20/22,SQSP,Squarespace Inc,1924,63310,1269,1206,,,,,,,,,,,,,,,,,,,
9/21/22,SQSP,Squarespace Inc,1690,65016,1422,1335,,,,,,,,,,,,,,,,,,,
9/22/22,SQSP,Squarespace Inc,1402,88660,1401,1313,,,,,,,,,,,,,,,,,,,
9/23/22,SQSP,Squarespace Inc,1218,78561,1516,1442,,,,,,,,,,,,,,,,,,,
9/24/22,SQSP,Squarespace Inc,1704,56815,1291,1253,,,,,,,,,,,,,,,,,,,
9/25/22,SQSP,Squarespace Inc,1932,64616,1255,1221,,,,,,,,,,,,,,,,,,,
9/26/22,SQSP,Squarespace Inc,1700,77510,1362,1226,,,,,,,,,,,,,,,,,,,
9/27/22,SQSP,Squarespace Inc,2323,79715,1636,1580,,,,,,,,,,,,,,,,,,,
9/28/22,SQSP,Squarespace Inc,2566,109677,2162,1979,,,,,,,,,,,,,,,,,,,
9/29/22,SQSP,Squarespace Inc,1572,64079,915,854,,,,,,,,,,,,,,,,,,,
9/30/22,SQSP,Squarespace Inc,3168,86035,1305,1224,,,,,,,,,,,,,,,,,,,
10/1/22,SQSP,Squarespace Inc,2565,97115,2372,2219,,,,,,,,,,,,,,,,,,,
10/2/22,SQSP,Squarespace Inc,2412,51839,1361,1285,,,,,,,,,,,,,,,,,,,
10/3/22,SQSP,Squarespace Inc,3093,77818,1542,1387,,,,,,,,,,,,,,,,,,,
10/4/22,SQSP,Squarespace Inc,2109,98432,1705,1627,,,,,,,,,,,,,,,,,,,
10/5/22,SQSP,Squarespace Inc,1522,76160,1479,1411,,,,,,,,,,,,,,,,,,,
10/6/22,SQSP,Squarespace Inc,2474,78754,1501,1399,,,,,,,,,,,,,,,,,,,
10/7/22,SQSP,Squarespace Inc,2262,81381,1655,1596,,,,,,,,,,,,,,,,,,,
10/8/22,SQSP,Squarespace Inc,2201,83001,1579,1480,,,,,,,,,,,,,,,,,,,
10/9/22,SQSP,Squarespace Inc,1513,84568,1419,1391,,,,,,,,,,,,,,,,,,,
10/10/22,SQSP,Squarespace Inc,2442,60808,1331,1258,,,,,,,,,,,,,,,,,,,
10/11/22,SQSP,Squarespace Inc,1483,82190,1466,1369,,,,,,,,,,,,,,,,,,,
10/12/22,SQSP,Squarespace Inc,1724,89139,1685,1550,,,,,,,,,,,,,,,,,,,
10/13/22,SQSP,Squarespace Inc,2057,79503,1471,1404,,,,,,,,,,,,,,,,,,,
10/14/22,SQSP,Squarespace Inc,1713,78868,1497,1351,,,,,,,,,,,,,,,,,,,
10/15/22,SQSP,Squarespace Inc,2510,69666,1565,1481,,,,,,,,,,,,,,,,,,,
10/16/22,SQSP,Squarespace Inc,1526,61674,1514,1395,,,,,,,,,,,,,,,,,,,
10/17/22,SQSP,Squarespace Inc,1696,72530,1461,1363,,,,,,,,,,,,,,,,,,,
10/18/22,SQSP,Squarespace Inc,1962,67920,1368,1325,,,,,,,,,,,,,,,,,,,
10/19/22,SQSP,Squarespace Inc,2863,105315,1694,1554,,,,,,,,,,,,,,,,,,,
10/20/22,SQSP,Squarespace Inc,1778,75614,1364,1265,,,,,,,,,,,,,,,,,,,
10/21/22,SQSP,Squarespace Inc,1462,71519,1496,1384,,,,,,,,,,,,,,,,,,,
10/22/22,SQSP,Squarespace Inc,1385,57328,1407,1364,,,,,,,,,,,,,,,,,,,
10/23/22,SQSP,Squarespace Inc,1416,67422,1184,1127,,,,,,,,,,,,,,,,,,,
10/24/22,SQSP,Squarespace Inc,1671,68788,1410,1356,,,,,,,,,,,,,,,,,,,
10/25/22,SQSP,Squarespace Inc,2575,78351,1441,1327,,,,,,,,,,,,,,,,,,,
10/26/22,SQSP,Squarespace Inc,1333,69802,1309,1242,,,,,,,,,,,,,,,,,,,
10/27/22,SQSP,Squarespace Inc,2057,75689,1621,1550,,,,,,,,,,,,,,,,,,,
10/28/22,SQSP,Squarespace Inc,4780,96684,2210,2058,,,,,,,,,,,,,,,,,,,
10/29/22,SQSP,Squarespace Inc,2880,66242,812,778,,,,,,,,,,,,,,,,,,,
10/30/22,SQSP,Squarespace Inc,2157,52668,906,822,,,,,,,,,,,,,,,,,,,
10/31/22,SQSP,Squarespace Inc,886,60219,862,773,,,,,,,,,,,,,,,,,,,
11/1/22,SQSP,Squarespace Inc,1932,127888,2291,2184,,,,,,,,,,,,,,,,,,,
11/2/22,SQSP,Squarespace Inc,2712,86803,1477,1388,,,,,,,,,,,,,,,,,,,
11/3/22,SQSP,Squarespace Inc,1612,74350,1445,1365,,,,,,,,,,,,,,,,,,,
11/4/22,SQSP,Squarespace Inc,1314,107456,1627,1563,,,,,,,,,,,,,,,,,,,
11/5/22,SQSP,Squarespace Inc,995,97315,1360,1325,,,,,,,,,,,,,,,,,,,
11/6/22,SQSP,Squarespace Inc,1092,59481,1280,1241,,,,,,,,,,,,,,,,,,,
11/7/22,SQSP,Squarespace Inc,1048,87875,1809,1675,,,,,,,,,,,,,,,,,,,
11/8/22,SQSP,Squarespace Inc,2251,89095,1652,1575,,,,,,,,,,,,,,,,,,,
11/9/22,SQSP,Squarespace Inc,1030,86343,1484,1396,,,,,,,,,,,,,,,,,,,
11/10/22,SQSP,Squarespace Inc,1810,85464,1566,1529,,,,,,,,,,,,,,,,,,,
11/11/22,SQSP,Squarespace Inc,1388,92060,1489,1425,,,,,,,,,,,,,,,,,,,
11/12/22,SQSP,Squarespace Inc,2339,82698,1614,1540,,,,,,,,,,,,,,,,,,,
11/13/22,SQSP,Squarespace Inc,2543,79038,1446,1418,,,,,,,,,,,,,,,,,,,
11/14/22,SQSP,Squarespace Inc,815,114528,1469,1267,,,,,,,,,,,,,,,,,,,
11/15/22,SQSP,Squarespace Inc,2230,89863,1704,1636,,,,,,,,,,,,,,,,,,,
11/16/22,SQSP,Squarespace Inc,1271,97876,1679,1561,,,,,,,,,,,,,,,,,,,
11/17/22,SQSP,Squarespace Inc,1901,107843,1659,1519,,,,,,,,,,,,,,,,,,,
11/18/22,SQSP,Squarespace Inc,1556,69269,1382,1342,,,,,,,,,,,,,,,,,,,
11/19/22,SQSP,Squarespace Inc,3996,64743,1450,1406,,,,,,,,,,,,,,,,,,,
11/20/22,SQSP,Squarespace Inc,1969,59967,1159,1122,,,,,,,,,,,,,,,,,,,
11/21/22,SQSP,Squarespace Inc,1211,58993,1428,1334,,,,,,,,,,,,,,,,,,,
11/22/22,SQSP,Squarespace Inc,1610,59961,1344,1239,,,,,,,,,,,,,,,,,,,
11/23/22,SQSP,Squarespace Inc,808,62296,1355,1275,,,,,,,,,,,,,,,,,,,
11/24/22,SQSP,Squarespace Inc,1789,42639,1147,1132,,,,,,,,,,,,,,,,,,,
11/25/22,SQSP,Squarespace Inc,1958,62688,1341,1208,,,,,,,,,,,,,,,,,,,
11/26/22,SQSP,Squarespace Inc,1713,64507,1280,1166,,,,,,,,,,,,,,,,,,,
11/27/22,SQSP,Squarespace Inc,1022,72048,1706,1557,,,,,,,,,,,,,,,,,,,
11/28/22,SQSP,Squarespace Inc,1519,102341,2286,2122,,,,,,,,,,,,,,,,,,,
11/29/22,SQSP,Squarespace Inc,3993,56231,970,863,,,,,,,,,,,,,,,,,,,
11/30/22,SQSP,Squarespace Inc,2797,56851,1232,1057,,,,,,,,,,,,,,,,,,,
12/1/22,SQSP,Squarespace Inc,1674,139516,2482,2271,,,,,,,,,,,,,,,,,,,
12/2/22,SQSP,Squarespace Inc,1527,89878,1472,1396,,,,,,,,,,,,,,,,,,,
12/3/22,SQSP,Squarespace Inc,1820,71240,1429,1322,,,,,,,,,,,,,,,,,,,
12/4/22,SQSP,Squarespace Inc,1441,87338,1554,1457,,,,,,,,,,,,,,,,,,,
12/5/22,SQSP,Squarespace Inc,756,52683,1276,1236,,,,,,,,,,,,,,,,,,,
12/6/22,SQSP,Squarespace Inc,1252,103123,1674,1405,,,,,,,,,,,,,,,,,,,
12/7/22,SQSP,Squarespace Inc,1112,99841,1825,1703,,,,,,,,,,,,,,,,,,,
12/8/22,SQSP,Squarespace Inc,4120,70005,1501,1455,,,,,,,,,,,,,,,,,,,
12/9/22,SQSP,Squarespace Inc,1653,82075,1595,1478,,,,,,,,,,,,,,,,,,,
12/10/22,SQSP,Squarespace Inc,1989,71993,1450,1398,,,,,,,,,,,,,,,,,,,
12/11/22,SQSP,Squarespace Inc,1749,55728,1269,1137,,,,,,,,,,,,,,,,,,,
12/12/22,SQSP,Squarespace Inc,1506,101355,1821,1597,,,,,,,,,,,,,,,,,,,
12/13/22,SQSP,Squarespace Inc,1335,78929,1560,1445,,,,,,,,,,,,,,,,,,,
12/14/22,SQSP,Squarespace Inc,2926,67002,1313,1203,,,,,,,,,,,,,,,,,,,
12/15/22,SQSP,Squarespace Inc,1757,91108,1824,1531,,,,,,,,,,,,,,,,,,,
12/16/22,SQSP,Squarespace Inc,834,73582,1460,1356,,,,,,,,,,,,,,,,,,,
12/17/22,SQSP,Squarespace Inc,1644,74529,1437,1364,,,,,,,,,,,,,,,,,,,
12/18/22,SQSP,Squarespace Inc,4530,77968,1482,1376,,,,,,,,,,,,,,,,,,,
12/19/22,SQSP,Squarespace Inc,1928,84427,1550,1430,,,,,,,,,,,,,,,,,,,
12/20/22,SQSP,Squarespace Inc,2623,69830,1361,1238,,,,,,,,,,,,,,,,,,,
12/21/22,SQSP,Squarespace Inc,1595,112918,1610,1481,,,,,,,,,,,,,,,,,,,
12/22/22,SQSP,Squarespace Inc,1794,85490,1600,1492,,,,,,,,,,,,,,,,,,,
12/23/22,SQSP,Squarespace Inc,903,80485,1358,1283,,,,,,,,,,,,,,,,,,,
12/24/22,SQSP,Squarespace Inc,1812,70246,1222,1182,,,,,,,,,,,,,,,,,,,
12/25/22,SQSP,Squarespace Inc,1981,40136,940,900,,,,,,,,,,,,,,,,,,,
12/26/22,SQSP,Squarespace Inc,2049,74194,1435,1303,,,,,,,,,,,,,,,,,,,
12/27/22,SQSP,Squarespace Inc,1968,95512,1787,1693,,,,,,,,,,,,,,,,,,,
12/28/22,SQSP,Squarespace Inc,1742,84034,2076,1897,,,,,,,,,,,,,,,,,,,
12/29/22,SQSP,Squarespace Inc,1134,67540,1065,1023,,,,,,,,,,,,,,,,,,,
12/30/22,SQSP,Squarespace Inc,2078,74334,1002,879,,,,,,,,,,,,,,,,,,,
12/31/22,SQSP,Squarespace Inc,858,77985,950,827,,,,,,,,,,,,,,,,,,,
1/1/23,SQSP,Squarespace Inc,1772,91896,2084,1993,,,,,,,,,,,,,,,,,,,
1/2/23,SQSP,Squarespace Inc,2887,79415,1534,1410,,,,,,,,,,,,,,,,,,,
1/3/23,SQSP,Squarespace Inc,1898,89739,1392,1341,,,,,,,,,,,,,,,,,,,
1/4/23,SQSP,Squarespace Inc,1641,98061,1743,1612,,,,,,,,,,,,,,,,,,,
1/5/23,SQSP,Squarespace Inc,2420,101926,1603,1428,,,,,,,,,,,,,,,,,,,
1/6/23,SQSP,Squarespace Inc,1675,98743,1628,1541,,,,,,,,,,,,,,,,,,,
1/7/23,SQSP,Squarespace Inc,1074,83692,1656,1565,,,,,,,,,,,,,,,,,,,
1/8/23,SQSP,Squarespace Inc,1595,78795,1462,1415,,,,,,,,,,,,,,,,,,,
1/9/23,SQSP,Squarespace Inc,1143,80501,1674,1463,,,,,,,,,,,,,,,,,,,
1/10/23,SQSP,Squarespace Inc,1927,70332,1582,1476,,,,,,,,,,,,,,,,,,,
1/11/23,SQSP,Squarespace Inc,1449,85900,1565,1465,,,,,,,,,,,,,,,,,,,
1/12/23,SQSP,Squarespace Inc,1656,87548,1641,1568,,,,,,,,,,,,,,,,,,,
1/13/23,SQSP,Squarespace Inc,1432,76130,1512,1387,,,,,,,,,,,,,,,,,,,
1/14/23,SQSP,Squarespace Inc,975,66824,1326,1279,,,,,,,,,,,,,,,,,,,
1/15/23,SQSP,Squarespace Inc,980,123845,1741,1623,,,,,,,,,,,,,,,,,,,
1/16/23,SQSP,Squarespace Inc,1437,64106,1440,1363,,,,,,,,,,,,,,,,,,,
1/17/23,SQSP,Squarespace Inc,1928,95407,1755,1602,,,,,,,,,,,,,,,,,,,
1/18/23,SQSP,Squarespace Inc,1593,90448,1704,1524,,,,,,,,,,,,,,,,,,,
1/19/23,SQSP,Squarespace Inc,2415,118994,1944,1769,,,,,,,,,,,,,,,,,,,
1/20/23,SQSP,Squarespace Inc,2788,113385,1862,1464,,,,,,,,,,,,,,,,,,,
1/21/23,SQSP,Squarespace Inc,834,70446,1283,1247,,,,,,,,,,,,,,,,,,,
1/22/23,SQSP,Squarespace Inc,1523,70232,1373,1300,,,,,,,,,,,,,,,,,,,
1/23/23,SQSP,Squarespace Inc,755,85761,1585,1387,,,,,,,,,,,,,,,,,,,
1/24/23,SQSP,Squarespace Inc,1967,81918,1611,1471,,,,,,,,,,,,,,,,,,,
1/25/23,SQSP,Squarespace Inc,2399,89981,1535,1405,,,,,,,,,,,,,,,,,,,
1/26/23,SQSP,Squarespace Inc,2020,85026,1533,1377,,,,,,,,,,,,,,,,,,,
1/27/23,SQSP,Squarespace Inc,1394,82981,1734,1644,,,,,,,,,,,,,,,,,,,
1/28/23,SQSP,Squarespace Inc,1445,97561,1953,1890,,,,,,,,,,,,,,,,,,,
1/29/23,SQSP,Squarespace Inc,1754,83417,989,957,,,,,,,,,,,,,,,,,,,
1/30/23,SQSP,Squarespace Inc,2497,69697,980,907,,,,,,,,,,,,,,,,,,,
1/31/23,SQSP,Squarespace Inc,683,86192,1230,987,,,,,,,,,,,,,,,,,,,
2/1/23,SQSP,Squarespace Inc,2384,131342,2478,2305,,,,,,,,,,,,,,,,,,,
2/2/23,SQSP,Squarespace Inc,1813,85112,1759,1585,,,,,,,,,,,,,,,,,,,
2/3/23,SQSP,Squarespace Inc,1705,124461,1629,1535,,,,,,,,,,,,,,,,,,,
2/4/23,SQSP,Squarespace Inc,1358,100440,1758,1696,,,,,,,,,,,,,,,,,,,
2/5/23,SQSP,Squarespace Inc,720,76026,1402,1356,,,,,,,,,,,,,,,,,,,
2/6/23,SQSP,Squarespace Inc,1163,87214,1762,1416,,,,,,,,,,,,,,,,,,,
2/7/23,SQSP,Squarespace Inc,1080,74714,1746,1600,,,,,,,,,,,,,,,,,,,
2/8/23,SQSP,Squarespace Inc,6569,122039,1689,1656,,,,,,,,,,,,,,,,,,,
2/9/23,SQSP,Squarespace Inc,1470,70012,1725,1588,,,,,,,,,,,,,,,,,,,
2/10/23,SQSP,Squarespace Inc,2259,87818,1663,1514,,,,,,,,,,,,,,,,,,,
2/11/23,SQSP,Squarespace Inc,1721,72597,1363,1321,,,,,,,,,,,,,,,,,,,
2/12/23,SQSP,Squarespace Inc,1439,73109,1592,1505,,,,,,,,,,,,,,,,,,,
2/13/23,SQSP,Squarespace Inc,1576,88901,1675,1424,,,,,,,,,,,,,,,,,,,
2/14/23,SQSP,Squarespace Inc,928,76147,1337,1259,,,,,,,,,,,,,,,,,,,
2/15/23,SQSP,Squarespace Inc,1163,88090,1774,1672,,,,,,,,,,,,,,,,,,,
2/16/23,SQSP,Squarespace Inc,1435,107075,1537,1473,,,,,,,,,,,,,,,,,,,
2/17/23,SQSP,Squarespace Inc,1879,118774,1762,1610,,,,,,,,,,,,,,,,,,,
2/18/23,SQSP,Squarespace Inc,1829,76736,1366,1303,,,,,,,,,,,,,,,,,,,
2/19/23,SQSP,Squarespace Inc,4101,71644,1518,1453,,,,,,,,,,,,,,,,,,,
2/20/23,SQSP,Squarespace Inc,1147,64429,1383,1156,,,,,,,,,,,,,,,,,,,
2/21/23,SQSP,Squarespace Inc,1022,65472,1390,1238,,,,,,,,,,,,,,,,,,,
2/22/23,SQSP,Squarespace Inc,1563,78088,1518,1398,,,,,,,,,,,,,,,,,,,
2/23/23,SQSP,Squarespace Inc,1439,79968,1607,1501,,,,,,,,,,,,,,,,,,,
2/24/23,SQSP,Squarespace Inc,2421,78890,1539,1421,,,,,,,,,,,,,,,,,,,
2/25/23,SQSP,Squarespace Inc,2434,77946,1553,1383,,,,,,,,,,,,,,,,,,,
2/26/23,SQSP,Squarespace Inc,4203,85029,1508,1431,,,,,,,,,,,,,,,,,,,
2/27/23,SQSP,Squarespace Inc,1750,67495,1667,1481,,,,,,,,,,,,,,,,,,,
2/28/23,SQSP,Squarespace Inc,4779,115068,3083,2748,,,,,,,,,,,,,,,,,,,
3/1/23,SQSP,Squarespace Inc,1690,112705,2712,2496,,,,,,,,,,,,,,,,,,,
3/2/23,SQSP,Squarespace Inc,2204,94518,1557,1488,,,,,,,,,,,,,,,,,,,
3/3/23,SQSP,Squarespace Inc,1886,88587,1445,1354,,,,,,,,,,,,,,,,,,,
3/4/23,SQSP,Squarespace Inc,1162,88079,1563,1508,,,,,,,,,,,,,,,,,,,
3/5/23,SQSP,Squarespace Inc,1079,78780,1510,1430,,,,,,,,,,,,,,,,,,,
3/6/23,SQSP,Squarespace Inc,1555,84629,1621,1418,,,,,,,,,,,,,,,,,,,
3/7/23,SQSP,Squarespace Inc,1469,92059,1723,1629,,,,,,,,,,,,,,,,,,,
3/8/23,SQSP,Squarespace Inc,1527,87458,1628,1497,,,,,,,,,,,,,,,,,,,
3/9/23,SQSP,Squarespace Inc,1311,91637,1551,1449,,,,,,,,,,,,,,,,,,,
3/10/23,SQSP,Squarespace Inc,2006,94453,1647,1581,,,,,,,,,,,,,,,,,,,
3/11/23,SQSP,Squarespace Inc,1601,87680,1448,1326,,,,,,,,,,,,,,,,,,,
3/12/23,SQSP,Squarespace Inc,1722,74485,1513,1442,,,,,,,,,,,,,,,,,,,
3/13/23,SQSP,Squarespace Inc,4565,78183,1647,1447,,,,,,,,,,,,,,,,,,,
3/14/23,SQSP,Squarespace Inc,1402,94078,1469,1341,,,,,,,,,,,,,,,,,,,
3/15/23,SQSP,Squarespace Inc,1537,101754,1655,1551,,,,,,,,,,,,,,,,,,,
3/16/23,SQSP,Squarespace Inc,1533,79754,1461,1398,,,,,,,,,,,,,,,,,,,
3/17/23,SQSP,Squarespace Inc,2379,77224,1558,1484,,,,,,,,,,,,,,,,,,,
3/18/23,SQSP,Squarespace Inc,1829,63563,1260,1224,,,,,,,,,,,,,,,,,,,
3/19/23,SQSP,Squarespace Inc,1875,79471,1563,1466,,,,,,,,,,,,,,,,,,,
3/20/23,SQSP,Squarespace Inc,2422,91086,1586,1394,,,,,,,,,,,,,,,,,,,
3/21/23,SQSP,Squarespace Inc,1176,86740,1547,1445,,,,,,,,,,,,,,,,,,,
3/22/23,SQSP,Squarespace Inc,1554,102027,1690,1532,,,,,,,,,,,,,,,,,,,
3/23/23,SQSP,Squarespace Inc,3073,68003,1334,1286,,,,,,,,,,,,,,,,,,,
3/24/23,SQSP,Squarespace Inc,2095,89241,1514,1392,,,,,,,,,,,,,,,,,,,
3/25/23,SQSP,Squarespace Inc,3040,86098,1589,1450,,,,,,,,,,,,,,,,,,,
3/26/23,SQSP,Squarespace Inc,2940,70961,1450,1345,,,,,,,,,,,,,,,,,,,
3/27/23,SQSP,Squarespace Inc,2479,80986,1729,1531,,,,,,,,,,,,,,,,,,,
3/28/23,SQSP,Squarespace Inc,1494,117237,2371,2236,,,,,,,,,,,,,,,,,,,
3/29/23,SQSP,Squarespace Inc,1719,61041,758,661,,,,,,,,,,,,,,,,,,,
3/30/23,SQSP,Squarespace Inc,2600,53628,738,657,,,,,,,,,,,,,,,,,,,
3/31/23,SQSP,Squarespace Inc,655,87318,1318,1146,,,,,,,,,,,,,,,,,,,
4/1/23,SQSP,Squarespace Inc,1935,115885,2655,2535,,,,,,,,,,,,,,,,,,,
4/2/23,SQSP,Squarespace Inc,1850,70652,1536,1445,,,,,,,,,,,,,,,,,,,
4/3/23,SQSP,Squarespace Inc,1539,98454,1500,1431,,,,,,,,,,,,,,,,,,,
4/4/23,SQSP,Squarespace Inc,2676,112032,1729,1606,,,,,,,,,,,,,,,,,,,
4/5/23,SQSP,Squarespace Inc,1507,134596,1664,1570,,,,,,,,,,,,,,,,,,,
4/6/23,SQSP,Squarespace Inc,2185,100305,1887,1593,,,,,,,,,,,,,,,,,,,
4/7/23,SQSP,Squarespace Inc,1582,118029,2053,1821,,,,,,,,,,,,,,,,,,,
4/8/23,SQSP,Squarespace Inc,1752,87851,1568,1486,,,,,,,,,,,,,,,,,,,
4/9/23,SQSP,Squarespace Inc,1337,73286,1385,1294,,,,,,,,,,,,,,,,,,,
4/10/23,SQSP,Squarespace Inc,1769,90709,1660,1535,,,,,,,,,,,,,,,,,,,
4/11/23,SQSP,Squarespace Inc,927,84348,2061,1438,,,,,,,,,,,,,,,,,,,
4/12/23,SQSP,Squarespace Inc,1764,93704,1626,1524,,,,,,,,,,,,,,,,,,,
4/13/23,SQSP,Squarespace Inc,1316,88444,1556,1492,,,,,,,,,,,,,,,,,,,
4/14/23,SQSP,Squarespace Inc,1162,74487,1581,1493,,,,,,,,,,,,,,,,,,,
4/15/23,SQSP,Squarespace Inc,1377,83729,1515,1488,,,,,,,,,,,,,,,,,,,
4/16/23,SQSP,Squarespace Inc,674,71914,1244,1187,,,,,,,,,,,,,,,,,,,
4/17/23,SQSP,Squarespace Inc,1979,72147,1611,1490,,,,,,,,,,,,,,,,,,,
4/18/23,SQSP,Squarespace Inc,1424,78743,1829,1367,,,,,,,,,,,,,,,,,,,
4/19/23,SQSP,Squarespace Inc,1594,96645,1740,1556,,,,,,,,,,,,,,,,,,,
4/20/23,SQSP,Squarespace Inc,2263,87620,1435,1352,,,,,,,,,,,,,,,,,,,
4/21/23,SQSP,Squarespace Inc,1288,96263,1546,1409,,,,,,,,,,,,,,,,,,,
4/22/23,SQSP,Squarespace Inc,2402,89594,1429,1314,,,,,,,,,,,,,,,,,,,
4/23/23,SQSP,Squarespace Inc,748,64577,1316,1279,,,,,,,,,,,,,,,,,,,
4/24/23,SQSP,Squarespace Inc,1937,81586,1811,1510,,,,,,,,,,,,,,,,,,,
4/25/23,SQSP,Squarespace Inc,1856,74762,1366,1318,,,,,,,,,,,,,,,,,,,
4/26/23,SQSP,Squarespace Inc,2122,79225,1513,1451,,,,,,,,,,,,,,,,,,,
4/27/23,SQSP,Squarespace Inc,1912,116108,1884,1644,,,,,,,,,,,,,,,,,,,
4/28/23,SQSP,Squarespace Inc,1016,100957,2200,2130,,,,,,,,,,,,,,,,,,,
4/29/23,SQSP,Squarespace Inc,5556,78460,777,755,,,,,,,,,,,,,,,,,,,
4/30/23,SQSP,Squarespace Inc,2637,73589,1156,1101,,,,,,,,,,,,,,,,,,,
5/1/23,SQSP,Squarespace Inc,2511,171591,2720,2414,,,,,,,,,,,,,,,,,,,
5/2/23,SQSP,Squarespace Inc,3800,141399,2117,1585,,,,,,,,,,,,,,,,,,,
5/3/23,SQSP,Squarespace Inc,2617,86576,1520,1471,,,,,,,,,,,,,,,,,,,
5/4/23,SQSP,Squarespace Inc,1706,113424,1779,1649,,,,,,,,,,,,,,,,,,,
5/5/23,SQSP,Squarespace Inc,1147,83607,1464,1379,,,,,,,,,,,,,,,,,,,
5/6/23,SQSP,Squarespace Inc,1274,59221,1521,1280,,,,,,,,,,,,,,,,,,,
5/7/23,SQSP,Squarespace Inc,2638,72840,1588,1522,,,,,,,,,,,,,,,,,,,
5/8/23,SQSP,Squarespace Inc,1365,82524,1557,1423,,,,,,,,,,,,,,,,,,,
5/9/23,SQSP,Squarespace Inc,3843,88021,1521,1475,,,,,,,,,,,,,,,,,,,
5/10/23,SQSP,Squarespace Inc,4417,84799,1681,1558,,,,,,,,,,,,,,,,,,,
5/11/23,SQSP,Squarespace Inc,1902,83769,1553,1463,,,,,,,,,,,,,,,,,,,
5/12/23,SQSP,Squarespace Inc,1602,81246,1410,1321,,,,,,,,,,,,,,,,,,,
5/13/23,SQSP,Squarespace Inc,1391,76383,1375,1355,,,,,,,,,,,,,,,,,,,
5/14/23,SQSP,Squarespace Inc,1401,69843,1220,1165,,,,,,,,,,,,,,,,,,,
5/15/23,SQSP,Squarespace Inc,718,101291,1678,1564,,,,,,,,,,,,,,,,,,,
5/16/23,SQSP,Squarespace Inc,1018,75211,1468,1328,,,,,,,,,,,,,,,,,,,
5/17/23,SQSP,Squarespace Inc,2228,66511,1572,1442,,,,,,,,,,,,,,,,,,,
5/18/23,SQSP,Squarespace Inc,1601,83922,1569,1425,,,,,,,,,,,,,,,,,,,
5/19/23,SQSP,Squarespace Inc,7486,104220,1766,1706,,,,,,,,,,,,,,,,,,,
5/20/23,SQSP,Squarespace Inc,1894,97733,1476,1307,,,,,,,,,,,,,,,,,,,
5/21/23,SQSP,Squarespace Inc,1630,65167,1286,1200,,,,,,,,,,,,,,,,,,,
5/22/23,SQSP,Squarespace Inc,4463,76261,1690,1450,,,,,,,,,,,,,,,,,,,
5/23/23,SQSP,Squarespace Inc,835,86507,1435,1382,,,,,,,,,,,,,,,,,,,
5/24/23,SQSP,Squarespace Inc,3330,82519,1578,1375,,,,,,,,,,,,,,,,,,,
5/25/23,SQSP,Squarespace Inc,2228,71454,1543,1352,,,,,,,,,,,,,,,,,,,
5/26/23,SQSP,Squarespace Inc,2230,67938,1428,1316,,,,,,,,,,,,,,,,,,,
5/27/23,SQSP,Squarespace Inc,2908,75094,1594,1566,,,,,,,,,,,,,,,,,,,
5/28/23,SQSP,Squarespace Inc,1582,74412,1986,1915,,,,,,,,,,,,,,,,,,,
5/29/23,SQSP,Squarespace Inc,1434,68420,773,660,,,,,,,,,,,,,,,,,,,
5/30/23,SQSP,Squarespace Inc,2572,43796,683,635,,,,,,,,,,,,,,,,,,,
5/31/23,SQSP,Squarespace Inc,1088,72720,1054,925,,,,,,,,,,,,,,,,,,,
6/1/23,SQSP,Squarespace Inc,3380,108415,2666,2467,,,,,,,,,,,,,,,,,,,
6/2/23,SQSP,Squarespace Inc,2445,70988,1644,1536,,,,,,,,,,,,,,,,,,,
6/3/23,SQSP,Squarespace Inc,2167,58750,1257,1230,,,,,,,,,,,,,,,,,,,
6/4/23,SQSP,Squarespace Inc,1673,66883,1469,1382,,,,,,,,,,,,,,,,,,,
6/5/23,SQSP,Squarespace Inc,1774,66300,1344,1215,,,,,,,,,,,,,,,,,,,
6/6/23,SQSP,Squarespace Inc,1615,78299,1522,1428,,,,,,,,,,,,,,,,,,,
6/7/23,SQSP,Squarespace Inc,1507,78864,1932,1767,,,,,,,,,,,,,,,,,,,
6/8/23,SQSP,Squarespace Inc,1752,88002,1684,1514,,,,,,,,,,,,,,,,,,,
6/9/23,SQSP,Squarespace Inc,1446,104946,1871,1578,,,,,,,,,,,,,,,,,,,
6/10/23,SQSP,Squarespace Inc,1958,72810,1690,1355,,,,,,,,,,,,,,,,,,,
6/11/23,SQSP,Squarespace Inc,1443,68462,1432,1302,,,,,,,,,,,,,,,,,,,
6/12/23,SQSP,Squarespace Inc,2088,62412,1487,1378,,,,,,,,,,,,,,,,,,,
6/13/23,SQSP,Squarespace Inc,2161,67687,1476,1396,,,,,,,,,,,,,,,,,,,
6/14/23,SQSP,Squarespace Inc,1742,103969,1375,1311,,,,,,,,,,,,,,,,,,,
6/15/23,SQSP,Squarespace Inc,1252,85546,1528,1455,,,,,,,,,,,,,,,,,,,
6/16/23,SQSP,Squarespace Inc,1624,67347,1411,1312,,,,,,,,,,,,,,,,,,,
6/17/23,SQSP,Squarespace Inc,3700,64754,1390,1313,,,,,,,,,,,,,,,,,,,
6/18/23,SQSP,Squarespace Inc,1507,68162,1281,1229,,,,,,,,,,,,,,,,,,,
6/19/23,SQSP,Squarespace Inc,2332,104683,1608,1481,,,,,,,,,,,,,,,,,,,
6/20/23,SQSP,Squarespace Inc,2617,77327,1326,1210,,,,,,,,,,,,,,,,,,,
6/21/23,SQSP,Squarespace Inc,1280,76788,1372,1239,,,,,,,,,,,,,,,,,,,
6/22/23,SQSP,Squarespace Inc,2687,80954,1440,1378,,,,,,,,,,,,,,,,,,,
6/23/23,SQSP,Squarespace Inc,2336,69552,1517,1319,,,,,,,,,,,,,,,,,,,
6/24/23,SQSP,Squarespace Inc,2842,65041,1398,1308,,,,,,,,,,,,,,,,,,,
6/25/23,SQSP,Squarespace Inc,2363,59630,1116,1070,,,,,,,,,,,,,,,,,,,
6/26/23,SQSP,Squarespace Inc,1875,73196,1439,1309,,,,,,,,,,,,,,,,,,,
6/27/23,SQSP,Squarespace Inc,1360,73580,1538,1447,,,,,,,,,,,,,,,,,,,
6/28/23,SQSP,Squarespace Inc,7918,69608,1755,1617,,,,,,,,,,,,,,,,,,,
6/29/23,SQSP,Squarespace Inc,1791,96186,1396,1309,,,,,,,,,,,,,,,,,,,
6/30/23,SQSP,Squarespace Inc,2269,69839,1161,1092,,,,,,,,,,,,,,,,,,,
7/1/23,SQSP,Squarespace Inc,1949,103063,2471,2332,,,,,,,,,,,,,,,,,,,
7/2/23,SQSP,Squarespace Inc,3197,79740,1447,1398,,,,,,,,,,,,,,,,,,,
7/3/23,SQSP,Squarespace Inc,2049,69628,1379,1265,,,,,,,,,,,,,,,,,,,
7/4/23,SQSP,Squarespace Inc,3603,67476,1468,1410,,,,,,,,,,,,,,,,,,,
7/5/23,SQSP,Squarespace Inc,1567,86273,1494,1328,,,,,,,,,,,,,,,,,,,
7/6/23,SQSP,Squarespace Inc,1791,74592,1516,1402,,,,,,,,,,,,,,,,,,,
7/7/23,SQSP,Squarespace Inc,1605,84811,1794,1716,,,,,,,,,,,,,,,,,,,
7/8/23,SQSP,Squarespace Inc,5276,93150,1540,1422,,,,,,,,,,,,,,,,,,,
7/9/23,SQSP,Squarespace Inc,1729,66005,1465,1375,,,,,,,,,,,,,,,,,,,
7/10/23,SQSP,Squarespace Inc,1736,75234,1667,1510,,,,,,,,,,,,,,,,,,,
7/11/23,SQSP,Squarespace Inc,2048,88390,1616,1526,,,,,,,,,,,,,,,,,,,
7/12/23,SQSP,Squarespace Inc,2510,65609,1491,1315,,,,,,,,,,,,,,,,,,,
7/13/23,SQSP,Squarespace Inc,2129,68773,1447,1370,,,,,,,,,,,,,,,,,,,
7/14/23,SQSP,Squarespace Inc,1080,70231,1543,1402,,,,,,,,,,,,,,,,,,,
7/15/23,SQSP,Squarespace Inc,1268,70471,1442,1364,,,,,,,,,,,,,,,,,,,
7/16/23,SQSP,Squarespace Inc,1351,69258,1323,1267,,,,,,,,,,,,,,,,,,,
7/17/23,SQSP,Squarespace Inc,1589,75691,1519,1386,,,,,,,,,,,,,,,,,,,
7/18/23,SQSP,Squarespace Inc,1997,68676,1556,1401,,,,,,,,,,,,,,,,,,,
7/19/23,SQSP,Squarespace Inc,1869,77230,1662,1558,,,,,,,,,,,,,,,,,,,
7/20/23,SQSP,Squarespace Inc,3334,73192,1444,1335,,,,,,,,,,,,,,,,,,,
7/21/23,SQSP,Squarespace Inc,2495,89334,1447,1307,,,,,,,,,,,,,,,,,,,
7/22/23,SQSP,Squarespace Inc,1910,65679,1373,1337,,,,,,,,,,,,,,,,,,,
7/23/23,SQSP,Squarespace Inc,701,59730,1319,1248,,,,,,,,,,,,,,,,,,,
7/24/23,SQSP,Squarespace Inc,2003,63584,1408,1311,,,,,,,,,,,,,,,,,,,
7/25/23,SQSP,Squarespace Inc,2371,87072,1330,1247,,,,,,,,,,,,,,,,,,,
7/26/23,SQSP,Squarespace Inc,1472,86518,1598,1496,,,,,,,,,,,,,,,,,,,
7/27/23,SQSP,Squarespace Inc,1343,87843,1675,1622,,,,,,,,,,,,,,,,,,,
7/28/23,SQSP,Squarespace Inc,1266,89869,2092,2015,,,,,,,,,,,,,,,,,,,
7/29/23,SQSP,Squarespace Inc,2178,47003,693,651,,,,,,,,,,,,,,,,,,,
7/30/23,SQSP,Squarespace Inc,1730,56880,881,822,,,,,,,,,,,,,,,,,,,
7/31/23,SQSP,Squarespace Inc,370,58151,1063,878,,,,,,,,,,,,,,,,,,,
8/1/23,SQSP,Squarespace Inc,7872,121222,2294,2211,,,,,,,,,,,,,,,,,,,
8/2/23,SQSP,Squarespace Inc,1997,75338,1534,1488,,,,,,,,,,,,,,,,,,,
8/3/23,SQSP,Squarespace Inc,2061,71000,1384,1337,,,,,,,,,,,,,,,,,,,
8/4/23,SQSP,Squarespace Inc,1639,81140,1744,1657,,,,,,,,,,,,,,,,,,,
8/5/23,SQSP,Squarespace Inc,2901,76351,1368,1228,,,,,,,,,,,,,,,,,,,
8/6/23,SQSP,Squarespace Inc,1385,84952,1463,1429,,,,,,,,,,,,,,,,,,,
8/7/23,SQSP,Squarespace Inc,1572,82747,1794,1664,,,,,,,,,,,,,,,,,,,
8/8/23,SQSP,Squarespace Inc,1966,73376,1436,1344,,,,,,,,,,,,,,,,,,,
8/9/23,SQSP,Squarespace Inc,1971,98561,1588,1518,,,,,,,,,,,,,,,,,,,
8/10/23,SQSP,Squarespace Inc,1181,78821,1502,1359,,,,,,,,,,,,,,,,,,,
8/11/23,SQSP,Squarespace Inc,2284,85623,1505,1429,,,,,,,,,,,,,,,,,,,
8/12/23,SQSP,Squarespace Inc,2233,66424,1351,1318,,,,,,,,,,,,,,,,,,,
8/13/23,SQSP,Squarespace Inc,1881,67276,1436,1330,,,,,,,,,,,,,,,,,,,
8/14/23,SQSP,Squarespace Inc,1305,84049,1545,1347,,,,,,,,,,,,,,,,,,,
8/15/23,SQSP,Squarespace Inc,1627,92242,1609,1535,,,,,,,,,,,,,,,,,,,
8/16/23,SQSP,Squarespace Inc,894,71961,1630,1528,,,,,,,,,,,,,,,,,,,
8/17/23,SQSP,Squarespace Inc,3162,69769,1479,1425,,,,,,,,,,,,,,,,,,,
8/18/23,SQSP,Squarespace Inc,1588,76205,1538,1404,,,,,,,,,,,,,,,,,,,
8/19/23,SQSP,Squarespace Inc,1603,84420,1564,1487,,,,,,,,,,,,,,,,,,,
8/20/23,SQSP,Squarespace Inc,2768,55906,1360,1239,,,,,,,,,,,,,,,,,,,
8/21/23,SQSP,Squarespace Inc,2568,82770,1388,1261,,,,,,,,,,,,,,,,,,,
8/22/23,SQSP,Squarespace Inc,1777,75628,1423,1377,,,,,,,,,,,,,,,,,,,
8/23/23,SQSP,Squarespace Inc,673,84115,1436,1364,,,,,,,,,,,,,,,,,,,
8/24/23,SQSP,Squarespace Inc,2205,70091,1400,1303,,,,,,,,,,,,,,,,,,,
8/25/23,SQSP,Squarespace Inc,2487,80702,1415,1304,,,,,,,,,,,,,,,,,,,
8/26/23,SQSP,Squarespace Inc,7473,75135,1535,1418,,,,,,,,,,,,,,,,,,,
8/27/23,SQSP,Squarespace Inc,1347,78443,1703,1644,,,,,,,,,,,,,,,,,,,
8/28/23,SQSP,Squarespace Inc,1008,78219,1987,1862,,,,,,,,,,,,,,,,,,,
8/29/23,SQSP,Squarespace Inc,2548,70878,1017,819,,,,,,,,,,,,,,,,,,,
8/30/23,SQSP,Squarespace Inc,1923,65273,907,840,,,,,,,,,,,,,,,,,,,
8/31/23,SQSP,Squarespace Inc,705,95096,1065,959,,,,,,,,,,,,,,,,,,,
9/1/23,SQSP,Squarespace Inc,2186,106990,2389,2248,,,,,,,,,,,,,,,,,,,
9/2/23,SQSP,Squarespace Inc,1676,81238,1387,1339,,,,,,,,,,,,,,,,,,,
9/3/23,SQSP,Squarespace Inc,1186,56339,1224,1175,,,,,,,,,,,,,,,,,,,
9/4/23,SQSP,Squarespace Inc,2885,72611,1472,1428,,,,,,,,,,,,,,,,,,,
9/5/23,SQSP,Squarespace Inc,3720,84421,1446,1352,,,,,,,,,,,,,,,,,,,
9/6/23,SQSP,Squarespace Inc,1618,115010,1684,1511,,,,,,,,,,,,,,,,,,,
9/7/23,SQSP,Squarespace Inc,1207,82153,1740,1620,,,,,,,,,,,,,,,,,,,
9/8/23,SQSP,Squarespace Inc,1957,105676,1755,1638,,,,,,,,,,,,,,,,,,,
9/9/23,SQSP,Squarespace Inc,3418,72226,1506,1446,,,,,,,,,,,,,,,,,,,
9/10/23,SQSP,Squarespace Inc,2363,63813,1314,1207,,,,,,,,,,,,,,,,,,,
9/11/23,SQSP,Squarespace Inc,1268,82247,1577,1458,,,,,,,,,,,,,,,,,,,
9/12/23,SQSP,Squarespace Inc,6292,123574,1851,1689,,,,,,,,,,,,,,,,,,,
9/13/23,SQSP,Squarespace Inc,1931,70089,1587,1439,,,,,,,,,,,,,,,,,,,
9/14/23,SQSP,Squarespace Inc,760,105000,1445,1364,,,,,,,,,,,,,,,,,,,
9/15/23,SQSP,Squarespace Inc,2473,97692,1763,1675,,,,,,,,,,,,,,,,,,,
9/16/23,SQSP,Squarespace Inc,765,77931,1548,1489,,,,,,,,,,,,,,,,,,,
9/17/23,SQSP,Squarespace Inc,2532,62672,1437,1375,,,,,,,,,,,,,,,,,,,
9/18/23,SQSP,Squarespace Inc,1288,77353,1566,1448,,,,,,,,,,,,,,,,,,,
9/19/23,SQSP,Squarespace Inc,2122,78042,1645,1546,,,,,,,,,,,,,,,,,,,
9/20/23,SQSP,Squarespace Inc,1258,78400,1456,1313,,,,,,,,,,,,,,,,,,,
9/21/23,SQSP,Squarespace Inc,1254,74230,1436,1312,,,,,,,,,,,,,,,,,,,
9/22/23,SQSP,Squarespace Inc,1709,83588,1627,1446,,,,,,,,,,,,,,,,,,,
9/23/23,SQSP,Squarespace Inc,909,65408,1337,1232,,,,,,,,,,,,,,,,,,,
9/24/23,SQSP,Squarespace Inc,2023,88973,1512,1421,,,,,,,,,,,,,,,,,,,
9/25/23,SQSP,Squarespace Inc,2588,67140,1467,1372,,,,,,,,,,,,,,,,,,,
9/26/23,SQSP,Squarespace Inc,2153,58780,1421,1321,,,,,,,,,,,,,,,,,,,
9/27/23,SQSP,Squarespace Inc,1787,92150,1828,1747,,,,,,,,,,,,,,,,,,,
9/28/23,SQSP,Squarespace Inc,1445,100421,2109,2015,,,,,,,,,,,,,,,,,,,
9/29/23,SQSP,Squarespace Inc,1872,58777,950,886,,,,,,,,,,,,,,,,,,,
9/30/23,SQSP,Squarespace Inc,5050,70928,1426,1292,,,,,,,,,,,,,,,,,,,
10/1/23,SQSP,Squarespace Inc,1699,101939,2250,2127,,,,,,,,,,,,,,,,,,,
10/2/23,SQSP,Squarespace Inc,2205,68157,1490,1364,,,,,,,,,,,,,,,,,,,
10/3/23,SQSP,Squarespace Inc,1469,75733,1416,1318,,,,,,,,,,,,,,,,,,,
10/4/23,SQSP,Squarespace Inc,2554,86578,1859,1650,,,,,,,,,,,,,,,,,,,
10/5/23,SQSP,Squarespace Inc,1358,86676,1545,1447,,,,,,,,,,,,,,,,,,,
10/6/23,SQSP,Squarespace Inc,2044,92280,1572,1491,,,,,,,,,,,,,,,,,,,
10/7/23,SQSP,Squarespace Inc,2612,101370,1602,1533,,,,,,,,,,,,,,,,,,,
10/8/23,SQSP,Squarespace Inc,1501,69487,1495,1453,,,,,,,,,,,,,,,,,,,
10/9/23,SQSP,Squarespace Inc,1691,41526,707,624,,,,,,,,,,,,,,,,,,,
10/10/23,SQSP,Squarespace Inc,1990,118562,2229,2044,,,,,,,,,,,,,,,,,,,
10/11/23,SQSP,Squarespace Inc,1603,95247,1560,1453,,,,,,,,,,,,,,,,,,,
10/12/23,SQSP,Squarespace Inc,1941,90799,1785,1677,,,,,,,,,,,,,,,,,,,
10/13/23,SQSP,Squarespace Inc,2044,79582,1352,1310,,,,,,,,,,,,,,,,,,,
10/14/23,SQSP,Squarespace Inc,1414,72442,1383,1309,,,,,,,,,,,,,,,,,,,
10/15/23,SQSP,Squarespace Inc,1226,94484,1710,1596,,,,,,,,,,,,,,,,,,,
10/16/23,SQSP,Squarespace Inc,9349,63442,1578,1377,,,,,,,,,,,,,,,,,,,
10/17/23,SQSP,Squarespace Inc,2123,67353,1508,1388,,,,,,,,,,,,,,,,,,,
10/18/23,SQSP,Squarespace Inc,1522,84833,1702,1612,,,,,,,,,,,,,,,,,,,
10/19/23,SQSP,Squarespace Inc,6379,99016,1887,1723,,,,,,,,,,,,,,,,,,,
10/20/23,SQSP,Squarespace Inc,939,99475,1534,1402,,,,,,,,,,,,,,,,,,,
10/21/23,SQSP,Squarespace Inc,1089,65104,1367,1231,,,,,,,,,,,,,,,,,,,
10/22/23,SQSP,Squarespace Inc,7412,55584,1356,1302,,,,,,,,,,,,,,,,,,,
10/23/23,SQSP,Squarespace Inc,671,53499,1279,1167,,,,,,,,,,,,,,,,,,,
10/24/23,SQSP,Squarespace Inc,1819,72909,1520,1349,,,,,,,,,,,,,,,,,,,
10/25/23,SQSP,Squarespace Inc,3055,70207,1375,1245,,,,,,,,,,,,,,,,,,,
10/26/23,SQSP,Squarespace Inc,1530,80421,1510,1403,,,,,,,,,,,,,,,,,,,
10/27/23,SQSP,Squarespace Inc,1383,87766,1901,1785,,,,,,,,,,,,,,,,,,,
10/28/23,SQSP,Squarespace Inc,1656,78607,1925,1858,,,,,,,,,,,,,,,,,,,
10/29/23,SQSP,Squarespace Inc,8149,52729,882,789,,,,,,,,,,,,,,,,,,,
10/30/23,SQSP,Squarespace Inc,2013,68835,1154,1013,,,,,,,,,,,,,,,,,,,
10/31/23,SQSP,Squarespace Inc,1867,73577,916,800,,,,,,,,,,,,,,,,,,,
11/1/23,SQSP,Squarespace Inc,1956,118070,2443,2295,,,,,,,,,,,,,,,,,,,
11/2/23,SQSP,Squarespace Inc,2629,103825,1788,1408,,,,,,,,,,,,,,,,,,,
11/3/23,SQSP,Squarespace Inc,1402,90554,1593,1449,,,,,,,,,,,,,,,,,,,
11/4/23,SQSP,Squarespace Inc,1352,70246,1530,1509,,,,,,,,,,,,,,,,,,,
11/5/23,SQSP,Squarespace Inc,1156,64107,1319,1216,,,,,,,,,,,,,,,,,,,
11/6/23,SQSP,Squarespace Inc,1506,68397,1526,1387,,,,,,,,,,,,,,,,,,,
11/7/23,SQSP,Squarespace Inc,1022,94231,1716,1620,,,,,,,,,,,,,,,,,,,
11/8/23,SQSP,Squarespace Inc,1790,76890,1532,1414,,,,,,,,,,,,,,,,,,,
11/9/23,SQSP,Squarespace Inc,1785,109622,1656,1546,,,,,,,,,,,,,,,,,,,
11/10/23,SQSP,Squarespace Inc,1428,95231,1736,1560,,,,,,,,,,,,,,,,,,,
11/11/23,SQSP,Squarespace Inc,1489,83572,1377,1312,,,,,,,,,,,,,,,,,,,
11/12/23,SQSP,Squarespace Inc,2890,83138,1473,1438,,,,,,,,,,,,,,,,,,,
11/13/23,SQSP,Squarespace Inc,1518,84418,1862,1582,,,,,,,,,,,,,,,,,,,
11/14/23,SQSP,Squarespace Inc,852,115733,1690,1586,,,,,,,,,,,,,,,,,,,
11/15/23,SQSP,Squarespace Inc,1832,87519,1721,1608,,,,,,,,,,,,,,,,,,,
11/16/23,SQSP,Squarespace Inc,601,92855,1595,1521,,,,,,,,,,,,,,,,,,,
11/17/23,SQSP,Squarespace Inc,1878,89329,1767,1519,,,,,,,,,,,,,,,,,,,
11/18/23,SQSP,Squarespace Inc,1616,77341,1726,1591,,,,,,,,,,,,,,,,,,,
11/19/23,SQSP,Squarespace Inc,4274,71614,1526,1457,,,,,,,,,,,,,,,,,,,
11/20/23,SQSP,Squarespace Inc,925,81443,1630,1390,,,,,,,,,,,,,,,,,,,
11/21/23,SQSP,Squarespace Inc,1386,79803,1526,1393,,,,,,,,,,,,,,,,,,,
11/22/23,SQSP,Squarespace Inc,1904,84060,1487,1384,,,,,,,,,,,,,,,,,,,
11/23/23,SQSP,Squarespace Inc,1166,42117,1053,1031,,,,,,,,,,,,,,,,,,,
11/24/23,SQSP,Squarespace Inc,1836,63889,1447,1336,,,,,,,,,,,,,,,,,,,
11/25/23,SQSP,Squarespace Inc,1844,58210,1258,1203,,,,,,,,,,,,,,,,,,,
11/26/23,SQSP,Squarespace Inc,1543,59539,1405,1191,,,,,,,,,,,,,,,,,,,
11/27/23,SQSP,Squarespace Inc,1616,88905,2148,1815,,,,,,,,,,,,,,,,,,,
11/28/23,SQSP,Squarespace Inc,1217,100938,2251,1909,,,,,,,,,,,,,,,,,,,
11/29/23,SQSP,Squarespace Inc,4365,57770,1005,886,,,,,,,,,,,,,,,,,,,
11/30/23,SQSP,Squarespace Inc,2497,55338,1445,1286,,,,,,,,,,,,,,,,,,,
12/1/23,SQSP,Squarespace Inc,1474,108154,2630,2261,,,,,,,,,,,,,,,,,,,
12/2/23,SQSP,Squarespace Inc,2836,99875,1327,1260,,,,,,,,,,,,,,,,,,,
12/3/23,SQSP,Squarespace Inc,1961,77000,1464,1361,,,,,,,,,,,,,,,,,,,
12/4/23,SQSP,Squarespace Inc,1507,88663,1860,1642,,,,,,,,,,,,,,,,,,,
12/5/23,SQSP,Squarespace Inc,1387,65078,1385,1208,,,,,,,,,,,,,,,,,,,
12/6/23,SQSP,Squarespace Inc,2334,101696,1713,1520,,,,,,,,,,,,,,,,,,,
12/7/23,SQSP,Squarespace Inc,1356,93974,1806,1658,,,,,,,,,,,,,,,,,,,
12/8/23,SQSP,Squarespace Inc,1698,82585,1419,1336,,,,,,,,,,,,,,,,,,,
12/9/23,SQSP,Squarespace Inc,1568,64722,1596,1453,,,,,,,,,,,,,,,,,,,
12/10/23,SQSP,Squarespace Inc,1379,53756,1344,1283,,,,,,,,,,,,,,,,,,,
12/11/23,SQSP,Squarespace Inc,3625,59463,1511,1300,,,,,,,,,,,,,,,,,,,
12/12/23,SQSP,Squarespace Inc,1719,105831,1654,1540,,,,,,,,,,,,,,,,,,,
12/13/23,SQSP,Squarespace Inc,1801,84457,1878,1586,,,,,,,,,,,,,,,,,,,
12/14/23,SQSP,Squarespace Inc,4336,69150,1536,1378,,,,,,,,,,,,,,,,,,,
12/15/23,SQSP,Squarespace Inc,992,87081,1756,1621,,,,,,,,,,,,,,,,,,,
12/16/23,SQSP,Squarespace Inc,986,71419,1561,1447,,,,,,,,,,,,,,,,,,,
12/17/23,SQSP,Squarespace Inc,2729,67370,1351,1308,,,,,,,,,,,,,,,,,,,
12/18/23,SQSP,Squarespace Inc,935,90187,1900,1652,,,,,,,,,,,,,,,,,,,
12/19/23,SQSP,Squarespace Inc,1805,93136,1769,1643,,,,,,,,,,,,,,,,,,,
12/20/23,SQSP,Squarespace Inc,1947,73713,1663,1463,,,,,,,,,,,,,,,,,,,
12/21/23,SQSP,Squarespace Inc,4558,97932,1722,1538,,,,,,,,,,,,,,,,,,,
12/22/23,SQSP,Squarespace Inc,1459,80041,1416,1315,,,,,,,,,,,,,,,,,,,
12/23/23,SQSP,Squarespace Inc,1462,59344,1237,1075,,,,,,,,,,,,,,,,,,,
12/24/23,SQSP,Squarespace Inc,1111,51325,1110,1073,,,,,,,,,,,,,,,,,,,
12/25/23,SQSP,Squarespace Inc,1664,60406,1138,1103,,,,,,,,,,,,,,,,,,,
12/26/23,SQSP,Squarespace Inc,1316,78663,1662,1474,,,,,,,,,,,,,,,,,,,
12/27/23,SQSP,Squarespace Inc,1479,91929,2062,1868,,,,,,,,,,,,,,,,,,,
12/28/23,SQSP,Squarespace Inc,1553,105976,2129,2002,,,,,,,,,,,,,,,,,,,
12/29/23,SQSP,Squarespace Inc,2039,70935,1090,988,,,,,,,,,,,,,,,,,,,
12/30/23,SQSP,Squarespace Inc,1280,81676,1071,1003,,,,,,,,,,,,,,,,,,,
12/31/23,SQSP,Squarespace Inc,568,79666,916,829,,,,,,,,,,,,,,,,,,,
1/1/24,SQSP,Squarespace Inc,1232,87788,2189,2045,,,,,,,,,,,,,,,,,,,
1/2/24,SQSP,Squarespace Inc,2294,91530,1827,1437,,,,,,,,,,,,,,,,,,,
1/3/24,SQSP,Squarespace Inc,2687,118003,1734,1595,,,,,,,,,,,,,,,,,,,
1/4/24,SQSP,Squarespace Inc,932,90582,1807,1649,,,,,,,,,,,,,,,,,,,
1/5/24,SQSP,Squarespace Inc,1076,95085,1639,1511,,,,,,,,,,,,,,,,,,,
1/6/24,SQSP,Squarespace Inc,1537,89444,1527,1405,,,,,,,,,,,,,,,,,,,
1/7/24,SQSP,Squarespace Inc,1478,77397,1686,1601,,,,,,,,,,,,,,,,,,,
1/8/24,SQSP,Squarespace Inc,1558,76909,1553,1387,,,,,,,,,,,,,,,,,,,
1/9/24,SQSP,Squarespace Inc,1757,81122,1775,1574,,,,,,,,,,,,,,,,,,,
1/10/24,SQSP,Squarespace Inc,2416,73174,1463,1333,,,,,,,,,,,,,,,,,,,
1/11/24,SQSP,Squarespace Inc,653,72585,1608,1448,,,,,,,,,,,,,,,,,,,
1/12/24,SQSP,Squarespace Inc,1953,100432,1864,1708,,,,,,,,,,,,,,,,,,,
1/13/24,SQSP,Squarespace Inc,1267,55871,1387,1323,,,,,,,,,,,,,,,,,,,
1/14/24,SQSP,Squarespace Inc,753,82587,1500,1430,,,,,,,,,,,,,,,,,,,
1/15/24,SQSP,Squarespace Inc,1170,93730,1807,1649,,,,,,,,,,,,,,,,,,,
1/16/24,SQSP,Squarespace Inc,638,104726,1802,1605,,,,,,,,,,,,,,,,,,,
1/17/24,SQSP,Squarespace Inc,2672,93032,1662,1485,,,,,,,,,,,,,,,,,,,
1/18/24,SQSP,Squarespace Inc,1549,102549,1751,1611,,,,,,,,,,,,,,,,,,,
1/19/24,SQSP,Squarespace Inc,1943,109733,1856,1682,,,,,,,,,,,,,,,,,,,
1/20/24,SQSP,Squarespace Inc,1227,93596,1536,1471,,,,,,,,,,,,,,,,,,,
1/21/24,SQSP,Squarespace Inc,1065,74715,1462,1299,,,,,,,,,,,,,,,,,,,
1/22/24,SQSP,Squarespace Inc,1893,71908,1608,1419,,,,,,,,,,,,,,,,,,,
1/23/24,SQSP,Squarespace Inc,720,76270,1389,1334,,,,,,,,,,,,,,,,,,,
1/24/24,SQSP,Squarespace Inc,1311,109724,1757,1522,,,,,,,,,,,,,,,,,,,
1/25/24,SQSP,Squarespace Inc,1524,72279,1570,1313,,,,,,,,,,,,,,,,,,,
1/26/24,SQSP,Squarespace Inc,1847,100133,2080,1673,,,,,,,,,,,,,,,,,,,
1/27/24,SQSP,Squarespace Inc,1981,76596,1702,1613,,,,,,,,,,,,,,,,,,,
1/28/24,SQSP,Squarespace Inc,1153,101756,1966,1859,,,,,,,,,,,,,,,,,,,
1/29/24,SQSP,Squarespace Inc,2600,93521,1229,1089,,,,,,,,,,,,,,,,,,,
1/30/24,SQSP,Squarespace Inc,2238,96495,1272,1168,,,,,,,,,,,,,,,,,,,
1/31/24,SQSP,Squarespace Inc,505,86579,1322,1087,,,,,,,,,,,,,,,,,,,
2/1/24,SQSP,Squarespace Inc,2483,114403,2765,2269,,,,,,,,,,,,,,,,,,,
2/2/24,SQSP,Squarespace Inc,2497,83775,1679,1558,,,,,,,,,,,,,,,,,,,
2/3/24,SQSP,Squarespace Inc,1713,90628,1571,1486,,,,,,,,,,,,,,,,,,,
2/4/24,SQSP,Squarespace Inc,1043,97925,1676,1582,,,,,,,,,,,,,,,,,,,
2/5/24,SQSP,Squarespace Inc,1058,77186,1549,1344,,,,,,,,,,,,,,,,,,,
2/6/24,SQSP,Squarespace Inc,1183,81566,1592,1414,,,,,,,,,,,,,,,,,,,
2/7/24,SQSP,Squarespace Inc,877,89257,1804,1667,,,,,,,,,,,,,,,,,,,
2/8/24,SQSP,Squarespace Inc,6859,107415,1629,1473,,,,,,,,,,,,,,,,,,,
2/9/24,SQSP,Squarespace Inc,2030,78738,1694,1553,,,,,,,,,,,,,,,,,,,
2/10/24,SQSP,Squarespace Inc,1400,81770,1497,1370,,,,,,,,,,,,,,,,,,,
2/11/24,SQSP,Squarespace Inc,1320,69574,1465,1381,,,,,,,,,,,,,,,,,,,
2/12/24,SQSP,Squarespace Inc,1756,75956,1770,1582,,,,,,,,,,,,,,,,,,,
2/13/24,SQSP,Squarespace Inc,2605,101007,1766,1658,,,,,,,,,,,,,,,,,,,
2/14/24,SQSP,Squarespace Inc,661,103714,1449,1400,,,,,,,,,,,,,,,,,,,
2/15/24,SQSP,Squarespace Inc,1343,99753,1739,1576,,,,,,,,,,,,,,,,,,,
2/16/24,SQSP,Squarespace Inc,1407,92950,1672,1608,,,,,,,,,,,,,,,,,,,
2/17/24,SQSP,Squarespace Inc,2249,83146,1529,1435,,,,,,,,,,,,,,,,,,,
2/18/24,SQSP,Squarespace Inc,946,70056,1658,1507,,,,,,,,,,,,,,,,,,,
2/19/24,SQSP,Squarespace Inc,1830,101712,1816,1673,,,,,,,,,,,,,,,,,,,
2/20/24,SQSP,Squarespace Inc,1566,68695,1623,1396,,,,,,,,,,,,,,,,,,,
2/21/24,SQSP,Squarespace Inc,1079,93376,1538,1410,,,,,,,,,,,,,,,,,,,
2/22/24,SQSP,Squarespace Inc,2022,78464,1486,1351,,,,,,,,,,,,,,,,,,,
2/23/24,SQSP,Squarespace Inc,1273,66629,1377,1313,,,,,,,,,,,,,,,,,,,
2/24/24,SQSP,Squarespace Inc,814,77591,1484,1386,,,,,,,,,,,,,,,,,,,
2/25/24,SQSP,Squarespace Inc,1946,66548,1513,1391,,,,,,,,,,,,,,,,,,,
2/26/24,SQSP,Squarespace Inc,1880,87822,1710,1564,,,,,,,,,,,,,,,,,,,
2/27/24,SQSP,Squarespace Inc,2070,91316,1948,1808,,,,,,,,,,,,,,,,,,,
2/28/24,SQSP,Squarespace Inc,1831,87365,2083,1929,,,,,,,,,,,,,,,,,,,
2/29/24,SQSP,Squarespace Inc,3308,78798,1483,1342,,,,,,,,,,,,,,,,,,,
3/1/24,SQSP,Squarespace Inc,1402,110585,2788,2569,,,,,,,,,,,,,,,,,,,
3/2/24,SQSP,Squarespace Inc,1970,80387,1547,1460,,,,,,,,,,,,,,,,,,,
3/3/24,SQSP,Squarespace Inc,2166,78223,1440,1342,,,,,,,,,,,,,,,,,,,
3/4/24,SQSP,Squarespace Inc,1271,99353,1869,1627,,,,,,,,,,,,,,,,,,,
3/5/24,SQSP,Squarespace Inc,1696,79177,1494,1414,,,,,,,,,,,,,,,,,,,
3/6/24,SQSP,Squarespace Inc,1496,81758,1642,1494,,,,,,,,,,,,,,,,,,,
3/7/24,SQSP,Squarespace Inc,955,104744,1853,1680,,,,,,,,,,,,,,,,,,,
3/8/24,SQSP,Squarespace Inc,1247,96375,1513,1425,,,,,,,,,,,,,,,,,,,
3/9/24,SQSP,Squarespace Inc,2172,83929,1671,1449,,,,,,,,,,,,,,,,,,,
3/10/24,SQSP,Squarespace Inc,1591,75876,1500,1347,,,,,,,,,,,,,,,,,,,
3/11/24,SQSP,Squarespace Inc,644,88811,1651,1539,,,,,,,,,,,,,,,,,,,
3/12/24,SQSP,Squarespace Inc,2258,84990,1740,1567,,,,,,,,,,,,,,,,,,,
3/13/24,SQSP,Squarespace Inc,1396,112023,2054,1817,,,,,,,,,,,,,,,,,,,
3/14/24,SQSP,Squarespace Inc,826,90069,1477,1373,,,,,,,,,,,,,,,,,,,
3/15/24,SQSP,Squarespace Inc,2126,96905,1769,1704,,,,,,,,,,,,,,,,,,,
3/16/24,SQSP,Squarespace Inc,1304,73649,1493,1428,,,,,,,,,,,,,,,,,,,
3/17/24,SQSP,Squarespace Inc,1875,73507,1437,1339,,,,,,,,,,,,,,,,,,,
3/18/24,SQSP,Squarespace Inc,1166,90268,1687,1560,,,,,,,,,,,,,,,,,,,
3/19/24,SQSP,Squarespace Inc,1628,89428,1729,1602,,,,,,,,,,,,,,,,,,,
3/20/24,SQSP,Squarespace Inc,1919,91300,1563,1447,,,,,,,,,,,,,,,,,,,
3/21/24,SQSP,Squarespace Inc,1235,85979,1616,1507,,,,,,,,,,,,,,,,,,,
3/22/24,SQSP,Squarespace Inc,2799,81042,1419,1344,,,,,,,,,,,,,,,,,,,
3/23/24,SQSP,Squarespace Inc,6193,62417,1225,1148,,,,,,,,,,,,,,,,,,,
3/24/24,SQSP,Squarespace Inc,1180,60199,1314,1183,,,,,,,,,,,,,,,,,,,
3/25/24,SQSP,Squarespace Inc,1688,83464,1673,1457,,,,,,,,,,,,,,,,,,,
3/26/24,SQSP,Squarespace Inc,1518,107476,1859,1698,,,,,,,,,,,,,,,,,,,
3/27/24,SQSP,Squarespace Inc,1574,93266,1835,1741,,,,,,,,,,,,,,,,,,,
3/28/24,SQSP,Squarespace Inc,1431,112274,2169,2033,,,,,,,,,,,,,,,,,,,
3/29/24,SQSP,Squarespace Inc,2033,84234,1223,1101,,,,,,,,,,,,,,,,,,,
3/30/24,SQSP,Squarespace Inc,1826,61337,713,632,,,,,,,,,,,,,,,,,,,
3/31/24,SQSP,Squarespace Inc,811,57108,830,804,,,,,,,,,,,,,,,,,,,
4/1/24,SQSP,Squarespace Inc,1417,135067,2743,2584,,,,,,,,,,,,,,,,,,,
4/2/24,SQSP,Squarespace Inc,2802,78338,1662,1512,,,,,,,,,,,,,,,,,,,
4/3/24,SQSP,Squarespace Inc,2807,73187,1489,1415,,,,,,,,,,,,,,,,,,,
4/4/24,SQSP,Squarespace Inc,2714,102124,1884,1679,,,,,,,,,,,,,,,,,,,
4/5/24,SQSP,Squarespace Inc,1428,118391,1694,1541,,,,,,,,,,,,,,,,,,,
4/6/24,SQSP,Squarespace Inc,2801,80809,1503,1425,,,,,,,,,,,,,,,,,,,
4/7/24,SQSP,Squarespace Inc,943,82341,1754,1619,,,,,,,,,,,,,,,,,,,
4/8/24,SQSP,Squarespace Inc,1155,86005,1529,1374,,,,,,,,,,,,,,,,,,,
4/9/24,SQSP,Squarespace Inc,2055,90848,1710,1497,,,,,,,,,,,,,,,,,,,
4/10/24,SQSP,Squarespace Inc,1630,92823,1633,1472,,,,,,,,,,,,,,,,,,,
4/11/24,SQSP,Squarespace Inc,473,96996,1689,1514,,,,,,,,,,,,,,,,,,,
4/12/24,SQSP,Squarespace Inc,2668,88789,1663,1556,,,,,,,,,,,,,,,,,,,
4/13/24,SQSP,Squarespace Inc,1671,88054,1586,1518,,,,,,,,,,,,,,,,,,,
4/14/24,SQSP,Squarespace Inc,1238,77319,1405,1345,,,,,,,,,,,,,,,,,,,
4/15/24,SQSP,Squarespace Inc,1905,77743,1792,1591,,,,,,,,,,,,,,,,,,,
4/16/24,SQSP,Squarespace Inc,884,83280,1865,1575,,,,,,,,,,,,,,,,,,,
4/17/24,SQSP,Squarespace Inc,1753,91970,1771,1466,,,,,,,,,,,,,,,,,,,
4/18/24,SQSP,Squarespace Inc,1841,114797,2433,1565,,,,,,,,,,,,,,,,,,,
4/19/24,SQSP,Squarespace Inc,1554,109305,1980,1817,,,,,,,,,,,,,,,,,,,
4/20/24,SQSP,Squarespace Inc,1376,94377,1323,1252,,,,,,,,,,,,,,,,,,,
4/21/24,SQSP,Squarespace Inc,1091,81671,1511,1399,,,,,,,,,,,,,,,,,,,
4/22/24,SQSP,Squarespace Inc,1939,80561,2385,1460,,,,,,,,,,,,,,,,,,,
4/23/24,SQSP,Squarespace Inc,1112,77694,1436,1334,,,,,,,,,,,,,,,,,,,
4/24/24,SQSP,Squarespace Inc,1431,112220,1666,1497,,,,,,,,,,,,,,,,,,,
4/25/24,SQSP,Squarespace Inc,1783,87603,1594,1455,,,,,,,,,,,,,,,,,,,
4/26/24,SQSP,Squarespace Inc,1260,77370,1648,1546,,,,,,,,,,,,,,,,,,,
4/27/24,SQSP,Squarespace Inc,1719,101413,1793,1706,,,,,,,,,,,,,,,,,,,
4/28/24,SQSP,Squarespace Inc,1074,92506,2070,1957,,,,,,,,,,,,,,,,,,,
4/29/24,SQSP,Squarespace Inc,4294,78123,1389,1216,,,,,,,,,,,,,,,,,,,
4/30/24,SQSP,Squarespace Inc,2193,84514,1249,1088,,,,,,,,,,,,,,,,,,,
5/1/24,SQSP,Squarespace Inc,1267,121258,2832,2606,,,,,,,,,,,,,,,,,,,
5/2/24,SQSP,Squarespace Inc,3187,93070,1724,1554,,,,,,,,,,,,,,,,,,,
5/3/24,SQSP,Squarespace Inc,1503,108299,1771,1628,,,,,,,,,,,,,,,,,,,
5/4/24,SQSP,Squarespace Inc,1185,105691,1643,1554,,,,,,,,,,,,,,,,,,,
5/5/24,SQSP,Squarespace Inc,1798,88047,1622,1471,,,,,,,,,,,,,,,,,,,
5/6/24,SQSP,Squarespace Inc,1827,74621,1785,1556,,,,,,,,,,,,,,,,,,,
5/7/24,SQSP,Squarespace Inc,1200,85710,1870,1684,,,,,,,,,,,,,,,,,,,
5/8/24,SQSP,Squarespace Inc,1002,96596,1664,1508,,,,,,,,,,,,,,,,,,,
5/9/24,SQSP,Squarespace Inc,4001,100554,2107,1666,,,,,,,,,,,,,,,,,,,
5/10/24,SQSP,Squarespace Inc,2928,97316,2034,1727,,,,,,,,,,,,,,,,,,,
5/11/24,SQSP,Squarespace Inc,546,93337,1762,1586,,,,,,,,,,,,,,,,,,,
5/12/24,SQSP,Squarespace Inc,2826,72915,1766,1578,,,,,,,,,,,,,,,,,,,
5/13/24,SQSP,Squarespace Inc,1764,82644,1830,1513,,,,,,,,,,,,,,,,,,,
5/14/24,SQSP,Squarespace Inc,1057,90941,1673,1589,,,,,,,,,,,,,,,,,,,
5/15/24,SQSP,Squarespace Inc,1401,95821,1943,1734,,,,,,,,,,,,,,,,,,,
5/16/24,SQSP,Squarespace Inc,793,97407,1940,1858,,,,,,,,,,,,,,,,,,,
5/17/24,SQSP,Squarespace Inc,2145,75426,1593,1366,,,,,,,,,,,,,,,,,,,
5/18/24,SQSP,Squarespace Inc,1119,81414,1583,1539,,,,,,,,,,,,,,,,,,,
5/19/24,SQSP,Squarespace Inc,7092,90377,1884,1671,,,,,,,,,,,,,,,,,,,
5/20/24,SQSP,Squarespace Inc,1383,101264,1831,1604,,,,,,,,,,,,,,,,,,,
5/21/24,SQSP,Squarespace Inc,1414,66900,1572,1440,,,,,,,,,,,,,,,,,,,
5/22/24,SQSP,Squarespace Inc,4171,77972,1809,1565,,,,,,,,,,,,,,,,,,,
5/23/24,SQSP,Squarespace Inc,755,101510,1828,1622,,,,,,,,,,,,,,,,,,,
5/24/24,SQSP,Squarespace Inc,826,92829,1649,1537,,,,,,,,,,,,,,,,,,,
5/25/24,SQSP,Squarespace Inc,4953,73622,1505,1338,,,,,,,,,,,,,,,,,,,
5/26/24,SQSP,Squarespace Inc,1342,61637,1828,1525,,,,,,,,,,,,,,,,,,,
5/27/24,SQSP,Squarespace Inc,5091,89341,1900,1753,,,,,,,,,,,,,,,,,,,
5/28/24,SQSP,Squarespace Inc,4029,89244,2328,2070,,,,,,,,,,,,,,,,,,,
5/29/24,SQSP,Squarespace Inc,2029,120208,1261,1146,,,,,,,,,,,,,,,,,,,
5/30/24,SQSP,Squarespace Inc,1621,70838,901,790,,,,,,,,,,,,,,,,,,,
5/31/24,SQSP,Squarespace Inc,1458,75529,1291,1106,,,,,,,,,,,,,,,,,,,
6/1/24,SQSP,Squarespace Inc,1532,123837,2853,2675,,,,,,,,,,,,,,,,,,,
6/2/24,SQSP,Squarespace Inc,2345,87774,1741,1639,,,,,,,,,,,,,,,,,,,
6/3/24,SQSP,Squarespace Inc,1289,84652,1903,1673,,,,,,,,,,,,,,,,,,,
6/4/24,SQSP,Squarespace Inc,5105,105079,2009,1824,,,,,,,,,,,,,,,,,,,
6/5/24,SQSP,Squarespace Inc,1681,78568,1665,1577,,,,,,,,,,,,,,,,,,,
6/6/24,SQSP,Squarespace Inc,2113,98797,2159,1940,,,,,,,,,,,,,,,,,,,
6/7/24,SQSP,Squarespace Inc,1391,99956,2077,1937,,,,,,,,,,,,,,,,,,,
6/8/24,SQSP,Squarespace Inc,855,88699,1780,1641,,,,,,,,,,,,,,,,,,,
6/9/24,SQSP,Squarespace Inc,1620,91621,1839,1710,,,,,,,,,,,,,,,,,,,
6/10/24,SQSP,Squarespace Inc,2042,78655,1959,1724,,,,,,,,,,,,,,,,,,,
6/11/24,SQSP,Squarespace Inc,383,87635,1859,1763,,,,,,,,,,,,,,,,,,,
6/12/24,SQSP,Squarespace Inc,2139,84122,2132,1918,,,,,,,,,,,,,,,,,,,
6/13/24,SQSP,Squarespace Inc,1873,97419,2111,2002,,,,,,,,,,,,,,,,,,,
6/14/24,SQSP,Squarespace Inc,3261,115778,2207,1951,,,,,,,,,,,,,,,,,,,
6/15/24,SQSP,Squarespace Inc,2505,94394,2041,1894,,,,,,,,,,,,,,,,,,,
6/16/24,SQSP,Squarespace Inc,1168,94506,1864,1799,,,,,,,,,,,,,,,,,,,
6/17/24,SQSP,Squarespace Inc,3506,101706,2263,1979,,,,,,,,,,,,,,,,,,,
6/18/24,SQSP,Squarespace Inc,1117,90734,2509,2131,,,,,,,,,,,,,,,,,,,
6/19/24,SQSP,Squarespace Inc,1749,110554,2237,2019,,,,,,,,,,,,,,,,,,,
6/20/24,SQSP,Squarespace Inc,1195,95413,2021,1871,,,,,,,,,,,,,,,,,,,
6/21/24,SQSP,Squarespace Inc,1245,93468,2029,1930,,,,,,,,,,,,,,,,,,,
6/22/24,SQSP,Squarespace Inc,1041,84128,1816,1708,,,,,,,,,,,,,,,,,,,
6/23/24,SQSP,Squarespace Inc,886,92318,1905,1717,,,,,,,,,,,,,,,,,,,
6/24/24,SQSP,Squarespace Inc,380,108220,1972,1881,,,,,,,,,,,,,,,,,,,
6/25/24,SQSP,Squarespace Inc,1617,90617,2002,1802,,,,,,,,,,,,,,,,,,,
6/26/24,SQSP,Squarespace Inc,1761,103751,2237,1958,,,,,,,,,,,,,,,,,,,
6/27/24,SQSP,Squarespace Inc,2269,90897,2268,2065,,,,,,,,,,,,,,,,,,,
6/28/24,SQSP,Squarespace Inc,2414,113875,3105,2840,,,,,,,,,,,,,,,,,,,
6/29/24,SQSP,Squarespace Inc,2192,93122,1538,1358,,,,,,,,,,,,,,,,,,,
6/30/24,SQSP,Squarespace Inc,2019,60242,1183,1092,,,,,,,,,,,,,,,,,,,
7/1/24,SQSP,Squarespace Inc,1263,125345,3467,3123,,,,,,,,,,,,,,,,,,,
7/2/24,SQSP,Squarespace Inc,3096,121979,2371,2152,,,,,,,,,,,,,,,,,,,
7/3/24,SQSP,Squarespace Inc,1463,89781,2288,2051,,,,,,,,,,,,,,,,,,,
7/4/24,SQSP,Squarespace Inc,3170,76461,2163,2045,,,,,,,,,,,,,,,,,,,
7/5/24,SQSP,Squarespace Inc,1489,88549,2204,2048,,,,,,,,,,,,,,,,,,,
7/6/24,SQSP,Squarespace Inc,1614,102502,2202,2066,,,,,,,,,,,,,,,,,,,
7/7/24,SQSP,Squarespace Inc,1504,100524,2321,2099,,,,,,,,,,,,,,,,,,,
7/8/24,SQSP,Squarespace Inc,5358,113188,2437,2064,,,,,,,,,,,,,,,,,,,
7/9/24,SQSP,Squarespace Inc,1864,99615,2084,1881,,,,,,,,,,,,,,,,,,,
7/10/24,SQSP,Squarespace Inc,1697,115942,2544,2317,,,,,,,,,,,,,,,,,,,
7/11/24,SQSP,Squarespace Inc,326,111389,2290,2037,,,,,,,,,,,,,,,,,,,
7/12/24,SQSP,Squarespace Inc,1718,98125,2498,2140,,,,,,,,,,,,,,,,,,,
7/13/24,SQSP,Squarespace Inc,1516,119229,2308,2175,,,,,,,,,,,,,,,,,,,
7/14/24,SQSP,Squarespace Inc,1362,86982,2010,1867,,,,,,,,,,,,,,,,,,,
7/15/24,SQSP,Squarespace Inc,1567,96468,2512,2338,,,,,,,,,,,,,,,,,,,
7/16/24,SQSP,Squarespace Inc,897,103135,2366,2199,,,,,,,,,,,,,,,,,,,
7/17/24,SQSP,Squarespace Inc,1624,102440,2370,2117,,,,,,,,,,,,,,,,,,,
7/18/24,SQSP,Squarespace Inc,1307,103576,2525,2308,,,,,,,,,,,,,,,,,,,
7/19/24,SQSP,Squarespace Inc,1658,86225,2460,2123,,,,,,,,,,,,,,,,,,,
7/20/24,SQSP,Squarespace Inc,2095,74477,1902,1792,,,,,,,,,,,,,,,,,,,
7/21/24,SQSP,Squarespace Inc,1575,78996,2039,1928,,,,,,,,,,,,,,,,,,,
7/22/24,SQSP,Squarespace Inc,1160,101473,2278,1979,,,,,,,,,,,,,,,,,,,
7/23/24,SQSP,Squarespace Inc,933,71646,2082,1876,,,,,,,,,,,,,,,,,,,
7/24/24,SQSP,Squarespace Inc,590,97941,2315,2087,,,,,,,,,,,,,,,,,,,
7/25/24,SQSP,Squarespace Inc,1535,101816,2255,2098,,,,,,,,,,,,,,,,,,,
7/26/24,SQSP,Squarespace Inc,1016,107210,2351,2165,,,,,,,,,,,,,,,,,,,
7/27/24,SQSP,Squarespace Inc,946,100326,2241,2077,,,,,,,,,,,,,,,,,,,
7/28/24,SQSP,Squarespace Inc,1581,111836,3373,2981,,,,,,,,,,,,,,,,,,,
7/29/24,SQSP,Squarespace Inc,1836,97166,1870,1607,,,,,,,,,,,,,,,,,,,
7/30/24,SQSP,Squarespace Inc,1520,75280,1228,1106,,,,,,,,,,,,,,,,,,,
7/31/24,SQSP,Squarespace Inc,474,110336,1650,1326,,,,,,,,,,,,,,,,,,,
8/1/24,SQSP,Squarespace Inc,8030,158564,3397,3093,,,,,,,,,,,,,,,,,,,
8/2/24,SQSP,Squarespace Inc,1931,130247,2755,2535,,,,,,,,,,,,,,,,,,,
8/3/24,SQSP,Squarespace Inc,1387,95664,2098,1955,,,,,,,,,,,,,,,,,,,
8/4/24,SQSP,Squarespace Inc,1744,107843,2060,1998,,,,,,,,,,,,,,,,,,,
8/5/24,SQSP,Squarespace Inc,2985,113099,2279,2078,,,,,,,,,,,,,,,,,,,
8/6/24,SQSP,Squarespace Inc,1896,99670,2190,2017,,,,,,,,,,,,,,,,,,,
8/7/24,SQSP,Squarespace Inc,1194,131655,2511,2230,,,,,,,,,,,,,,,,,,,
8/8/24,SQSP,Squarespace Inc,921,111725,2296,2017,,,,,,,,,,,,,,,,,,,
8/9/24,SQSP,Squarespace Inc,1181,89695,2081,1963,,,,,,,,,,,,,,,,,,,
8/10/24,SQSP,Squarespace Inc,1984,113507,2146,2022,,,,,,,,,,,,,,,,,,,
8/11/24,SQSP,Squarespace Inc,1574,90022,2137,1985,,,,,,,,,,,,,,,,,,,
8/12/24,SQSP,Squarespace Inc,1875,116742,2494,2289,,,,,,,,,,,,,,,,,,,
,,,,,,,,,,,,,,,,,,,,,,,,,
,,,,,,,,,,,,,,,,,,,,,,,,,
,,,,,,,,,,,,,,,,,,,,,,,,,
,,,,,,,,,,,,,,,,,,,,,,,,,
,,,,,,,,,,,,,,,,,,,,,,,,,
,,,,,,,,,,,,,,,,,,,,,,,,,
,,,,,,,,,,,,,,,,,,,,,,,,,
,,,,,,,,,,,,,,,,,,,,,,,,,
,,,,,,,,,,,,,,,,,,,,,,,,,
,,,,,,,,,,,,,,,,,,,,,,,,,
,,,,,,,,,,,,,,,,,,,,,,,,,
,,,,,,,,,,,,,,,,,,,,,,,,,
,,,,,,,,,,,,,,,,,,,,,,,,,
,,,,,,,,,,,,,,,,,,,,,,,,,
,,,,,,,,,,,,,,,,,,,,,,,,,
,,,,,,,,,,,,,,,,,,,,,,,,,
,,,,,,,,,,,,,,,,,,,,,,,,,
,,,,,,,,,,,,,,,,,,,,,,,,,
,,,,,,,,,,,,,,,,,,,,,,,,,
,,,,,,,,,,,,,,,,,,,,,,,,,
,,,,,,,,,,,,,,,,,,,,,,,,,
,,,,,,,,,,,,,,,,,,,,,,,,,
,,,,,,,,,,,,,,,,,,,,,,,,,
,,,,,,,,,,,,,,,,,,,,,,,,,
,,,,,,,,,,,,,,,,,,,,,,,,,
,,,,,,,,,,,,,,,,,,,,,,,,,
,,,,,,,,,,,,,,,,,,,,,,,,,
,,,,,,,,,,,,,,,,,,,,,,,,,
,,,,,,,,,,,,,,,,,,,,,,,,,
,,,,,,,,,,,,,,,,,,,,,,,,,
,,,,,,,,,,,,,,,,,,,,,,,,,
,,,,,,,,,,,,,,,,,,,,,,,,,
,,,,,,,,,,,,,,,,,,,,,,,,,
,,,,,,,,,,,,,,,,,,,,,,,,,
,,,,,,,,,,,,,,,,,,,,,,,,,
,,,,,,,,,,,,,,,,,,,,,,,,,
,,,,,,,,,,,,,,,,,,,,,,,,,
,,,,,,,,,,,,,,,,,,,,,,,,,
,,,,,,,,,,,,,,,,,,,,,,,,,
,,,,,,,,,,,,,,,,,,,,,,,,,
,,,,,,,,,,,,,,,,,,,,,,,,,
,,,,,,,,,,,,,,,,,,,,,,,,,
,,,,,,,,,,,,,,,,,,,,,,,,,
,,,,,,,,,,,,,,,,,,,,,,,,,
,,,,,,,,,,,,,,,,,,,,,,,,,
,,,,,,,,,,,,,,,,,,,,,,,,,
,,,,,,,,,,,,,,,,,,,,,,,,,
,,,,,,,,,,,,,,,,,,,,,,,,,
,,,,,,,,,,,,,,,,,,,,,,,,,
,,,,,,,,,,,,,,,,,,,,,,,,,
,,,,,,,,,,,,,,,,,,,,,,,,,
,,,,,,,,,,,,,,,,,,,,,,,,,
,,,,,,,,,,,,,,,,,,,,,,,,,
,,,,,,,,,,,,,,,,,,,,,,,,,
,,,,,,,,,,,,,,,,,,,,,,,,,
,,,,,,,,,,,,,,,,,,,,,,,,,
,,,,,,,,,,,,,,,,,,,,,,,,,
,,,,,,,,,,,,,,,,,,,,,,,,,
,,,,,,,,,,,,,,,,,,,,,,,,,
,,,,,,,,,,,,,,,,,,,,,,,,,
,,,,,,,,,,,,,,,,,,,,,,,,,
,,,,,,,,,,,,,,,,,,,,,,,,,
,,,,,,,,,,,,,,,,,,,,,,,,,
,,,,,,,,,,,,,,,,,,,,,,,,,
,,,,,,,,,,,,,,,,,,,,,,,,,
,,,,,,,,,,,,,,,,,,,,,,,,,
,,,,,,,,,,,,,,,,,,,,,,,,,
,,,,,,,,,,,,,,,,,,,,,,,,,
,,,,,,,,,,,,,,,,,,,,,,,,,
,,,,,,,,,,,,,,,,,,,,,,,,,
,,,,,,,,,,,,,,,,,,,,,,,,,
,,,,,,,,,,,,,,,,,,,,,,,,,
,,,,,,,,,,,,,,,,,,,,,,,,,
,,,,,,,,,,,,,,,,,,,,,,,,,
,,,,,,,,,,,,,,,,,,,,,,,,,
,,,,,,,,,,,,,,,,,,,,,,,,,
,,,,,,,,,,,,,,,,,,,,,,,,,
,,,,,,,,,,,,,,,,,,,,,,,,,
,,,,,,,,,,,,,,,,,,,,,,,,,
,,,,,,,,,,,,,,,,,,,,,,,,,
,,,,,,,,,,,,,,,,,,,,,,,,,
,,,,,,,,,,,,,,,,,,,,,,,,,
,,,,,,,,,,,,,,,,,,,,,,,,,
,,,,,,,,,,,,,,,,,,,,,,,,,
,,,,,,,,,,,,,,,,,,,,,,,,,
,,,,,,,,,,,,,,,,,,,,,,,,,
,,,,,,,,,,,,,,,,,,,,,,,,,
,,,,,,,,,,,,,,,,,,,,,,,,,
,,,,,,,,,,,,,,,,,,,,,,,,,
,,,,,,,,,,,,,,,,,,,,,,,,,
,,,,,,,,,,,,,,,,,,,,,,,,,
,,,,,,,,,,,,,,,,,,,,,,,,,
,,,,,,,,,,,,,,,,,,,,,,,,,
,,,,,,,,,,,,,,,,,,,,,,,,,
,,,,,,,,,,,,,,,,,,,,,,,,,
,,,,,,,,,,,,,,,,,,,,,,,,,
,,,,,,,,,,,,,,,,,,,,,,,,,
,,,,,,,,,,,,,,,,,,,,,,,,,
,,,,,,,,,,,,,,,,,,,,,,,,,
,,,,,,,,,,,,,,,,,,,,,,,,,
,,,,,,,,,,,,,,,,,,,,,,,,,
,,,,,,,,,,,,,,,,,,,,,,,,,
,,,,,,,,,,,,,,,,,,,,,,,,,
,,,,,,,,,,,,,,,,,,,,,,,,,
,,,,,,,,,,,,,,,,,,,,,,,,,
,,,,,,,,,,,,,,,,,,,,,,,,,
,,,,,,,,,,,,,,,,,,,,,,,,,
,,,,,,,,,,,,,,,,,,,,,,,,,
,,,,,,,,,,,,,,,,,,,,,,,,,
,,,,,,,,,,,,,,,,,,,,,,,,,
,,,,,,,,,,,,,,,,,,,,,,,,,
,,,,,,,,,,,,,,,,,,,,,,,,,
,,,,,,,,,,,,,,,,,,,,,,,,,
,,,,,,,,,,,,,,,,,,,,,,,,,
,,,,,,,,,,,,,,,,,,,,,,,,,
,,,,,,,,,,,,,,,,,,,,,,,,,
,,,,,,,,,,,,,,,,,,,,,,,,,
,,,,,,,,,,,,,,,,,,,,,,,,,
,,,,,,,,,,,,,,,,,,,,,,,,,
,,,,,,,,,,,,,,,,,,,,,,,,,
,,,,,,,,,,,,,,,,,,,,,,,,,
,,,,,,,,,,,,,,,,,,,,,,,,,
,,,,,,,,,,,,,,,,,,,,,,,,,
,,,,,,,,,,,,,,,,,,,,,,,,,
,,,,,,,,,,,,,,,,,,,,,,,,,
,,,,,,,,,,,,,,,,,,,,,,,,,
,,,,,,,,,,,,,,,,,,,,,,,,,
,,,,,,,,,,,,,,,,,,,,,,,,,
,,,,,,,,,,,,,,,,,,,,,,,,,
,,,,,,,,,,,,,,,,,,,,,,,,,
,,,,,,,,,,,,,,,,,,,,,,,,,
,,,,,,,,,,,,,,,,,,,,,,,,,
,,,,,,,,,,,,,,,,,,,,,,,,,
,,,,,,,,,,,,,,,,,,,,,,,,,
,,,,,,,,,,,,,,,,,,,,,,,,,
,,,,,,,,,,,,,,,,,,,,,,,,,
,,,,,,,,,,,,,,,,,,,,,,,,,
,,,,,,,,,,,,,,,,,,,,,,,,,
,,,,,,,,,,,,,,,,,,,,,,,,,
,,,,,,,,,,,,,,,,,,,,,,,,,
,,,,,,,,,,,,,,,,,,,,,,,,,
,,,,,,,,,,,,,,,,,,,,,,,,,
,,,,,,,,,,,,,,,,,,,,,,,,,
,,,,,,,,,,,,,,,,,,,,,,,,,
,,,,,,,,,,,,,,,,,,,,,,,,,
,,,,,,,,,,,,,,,,,,,,,,,,,
,,,,,,,,,,,,,,,,,,,,,,,,,
,,,,,,,,,,,,,,,,,,,,,,,,,
,,,,,,,,,,,,,,,,,,,,,,,,,
,,,,,,,,,,,,,,,,,,,,,,,,,
,,,,,,,,,,,,,,,,,,,,,,,,,
,,,,,,,,,,,,,,,,,,,,,,,,,
,,,,,,,,,,,,,,,,,,,,,,,,,
,,,,,,,,,,,,,,,,,,,,,,,,,
,,,,,,,,,,,,,,,,,,,,,,,,,
,,,,,,,,,,,,,,,,,,,,,,,,,
,,,,,,,,,,,,,,,,,,,,,,,,,
,,,,,,,,,,,,,,,,,,,,,,,,,
,,,,,,,,,,,,,,,,,,,,,,,,,
,,,,,,,,,,,,,,,,,,,,,,,,,
,,,,,,,,,,,,,,,,,,,,,,,,,
,,,,,,,,,,,,,,,,,,,,,,,,,
,,,,,,,,,,,,,,,,,,,,,,,,,
,,,,,,,,,,,,,,,,,,,,,,,,,
,,,,,,,,,,,,,,,,,,,,,,,,,
,,,,,,,,,,,,,,,,,,,,,,,,,
,,,,,,,,,,,,,,,,,,,,,,,,,
,,,,,,,,,,,,,,,,,,,,,,,,,
,,,,,,,,,,,,,,,,,,,,,,,,,
,,,,,,,,,,,,,,,,,,,,,,,,,
,,,,,,,,,,,,,,,,,,,,,,,,,
,,,,,,,,,,,,,,,,,,,,,,,,,
,,,,,,,,,,,,,,,,,,,,,,,,,
,,,,,,,,,,,,,,,,,,,,,,,,,
,,,,,,,,,,,,,,,,,,,,,,,,,
,,,,,,,,,,,,,,,,,,,,,,,,,
,,,,,,,,,,,,,,,,,,,,,,,,,
,,,,,,,,,,,,,,,,,,,,,,,,,
,,,,,,,,,,,,,,,,,,,,,,,,,
,,,,,,,,,,,,,,,,,,,,,,,,,
,,,,,,,,,,,,,,,,,,,,,,,,,
,,,,,,,,,,,,,,,,,,,,,,,,,
,,,,,,,,,,,,,,,,,,,,,,,,,
,,,,,,,,,,,,,,,,,,,,,,,,,
,,,,,,,,,,,,,,,,,,,,,,,,,
,,,,,,,,,,,,,,,,,,,,,,,,,
,,,,,,,,,,,,,,,,,,,,,,,,,
,,,,,,,,,,,,,,,,,,,,,,,,,
,,,,,,,,,,,,,,,,,,,,,,,,,
,,,,,,,,,,,,,,,,,,,,,,,,,
,,,,,,,,,,,,,,,,,,,,,,,,,
,,,,,,,,,,,,,,,,,,,,,,,,,
,,,,,,,,,,,,,,,,,,,,,,,,,
,,,,,,,,,,,,,,,,,,,,,,,,,
,,,,,,,,,,,,,,,,,,,,,,,,,
,,,,,,,,,,,,,,,,,,,,,,,,,
,,,,,,,,,,,,,,,,,,,,,,,,,
,,,,,,,,,,,,,,,,,,,,,,,,,
,,,,,,,,,,,,,,,,,,,,,,,,,
,,,,,,,,,,,,,,,,,,,,,,,,,
,,,,,,,,,,,,,,,,,,,,,,,,,
,,,,,,,,,,,,,,,,,,,,,,,,,
,,,,,,,,,,,,,,,,,,,,,,,,,
,,,,,,,,,,,,,,,,,,,,,,,,,
,,,,,,,,,,,,,,,,,,,,,,,,,
,,,,,,,,,,,,,,,,,,,,,,,,,
,,,,,,,,,,,,,,,,,,,,,,,,,
,,,,,,,,,,,,,,,,,,,,,,,,,
,,,,,,,,,,,,,,,,,,,,,,,,,
,,,,,,,,,,,,,,,,,,,,,,,,,
,,,,,,,,,,,,,,,,,,,,,,,,,
,,,,,,,,,,,,,,,,,,,,,,,,,
,,,,,,,,,,,,,,,,,,,,,,,,,
,,,,,,,,,,,,,,,,,,,,,,,,,
,,,,,,,,,,,,,,,,,,,,,,,,,
,,,,,,,,,,,,,,,,,,,,,,,,,
,,,,,,,,,,,,,,,,,,,,,,,,,
,,,,,,,,,,,,,,,,,,,,,,,,,
,,,,,,,,,,,,,,,,,,,,,,,,,
,,,,,,,,,,,,,,,,,,,,,,,,,
,,,,,,,,,,,,,,,,,,,,,,,,,
,,,,,,,,,,,,,,,,,,,,,,,,,
,,,,,,,,,,,,,,,,,,,,,,,,,
,,,,,,,,,,,,,,,,,,,,,,,,,
,,,,,,,,,,,,,,,,,,,,,,,,,
,,,,,,,,,,,,,,,,,,,,,,,,,
,,,,,,,,,,,,,,,,,,,,,,,,,
,,,,,,,,,,,,,,,,,,,,,,,,,
,,,,,,,,,,,,,,,,,,,,,,,,,
,,,,,,,,,,,,,,,,,,,,,,,,,
,,,,,,,,,,,,,,,,,,,,,,,,,
,,,,,,,,,,,,,,,,,,,,,,,,,
,,,,,,,,,,,,,,,,,,,,,,,,,
,,,,,,,,,,,,,,,,,,,,,,,,,
,,,,,,,,,,,,,,,,,,,,,,,,,
,,,,,,,,,,,,,,,,,,,,,,,,,
,,,,,,,,,,,,,,,,,,,,,,,,,
,,,,,,,,,,,,,,,,,,,,,,,,,
,,,,,,,,,,,,,,,,,,,,,,,,,
,,,,,,,,,,,,,,,,,,,,,,,,,
,,,,,,,,,,,,,,,,,,,,,,,,,
,,,,,,,,,,,,,,,,,,,,,,,,,
,,,,,,,,,,,,,,,,,,,,,,,,,
,,,,,,,,,,,,,,,,,,,,,,,,,
,,,,,,,,,,,,,,,,,,,,,,,,,
,,,,,,,,,,,,,,,,,,,,,,,,,
,,,,,,,,,,,,,,,,,,,,,,,,,
,,,,,,,,,,,,,,,,,,,,,,,,,
,,,,,,,,,,,,,,,,,,,,,,,,,
,,,,,,,,,,,,,,,,,,,,,,,,,
,,,,,,,,,,,,,,,,,,,,,,,,,
,,,,,,,,,,,,,,,,,,,,,,,,,
,,,,,,,,,,,,,,,,,,,,,,,,,
,,,,,,,,,,,,,,,,,,,,,,,,,
,,,,,,,,,,,,,,,,,,,,,,,,,
,,,,,,,,,,,,,,,,,,,,,,,,,
,,,,,,,,,,,,,,,,,,,,,,,,,
,,,,,,,,,,,,,,,,,,,,,,,,,
,,,,,,,,,,,,,,,,,,,,,,,,,
,,,,,,,,,,,,,,,,,,,,,,,,,
,,,,,,,,,,,,,,,,,,,,,,,,,
,,,,,,,,,,,,,,,,,,,,,,,,,
,,,,,,,,,,,,,,,,,,,,,,,,,
,,,,,,,,,,,,,,,,,,,,,,,,,
,,,,,,,,,,,,,,,,,,,,,,,,,
,,,,,,,,,,,,,,,,,,,,,,,,,
,,,,,,,,,,,,,,,,,,,,,,,,,
,,,,,,,,,,,,,,,,,,,,,,,,,
,,,,,,,,,,,,,,,,,,,,,,,,,
,,,,,,,,,,,,,,,,,,,,,,,,,